{
"type": "FeatureCollection",
"name": "hydrowalth",
"crs": { "type": "name", "properties": { "name": "urn:ogc:def:crs:OGC:1.3:CRS84" } },
"features": [
{ "type": "Feature", "properties": { }, "geometry": { "type": "MultiPolygon", "coordinates": [ [ [ [ -71.199746881822605, 42.397358643827395 ], [ -71.199891591933294, 42.397458614503336 ], [ -71.200074749680667, 42.397615515164915 ], [ -71.20026747576793, 42.397715610551558 ], [ -71.200479706476742, 42.397865271569771 ], [ -71.200537618570962, 42.397979644842287 ], [ -71.200537611046883, 42.398101182044272 ], [ -71.200422086243236, 42.398329888846959 ], [ -71.200132985256801, 42.398501313247131 ], [ -71.200017336648102, 42.398515641175017 ], [ -71.199863134042047, 42.398415645920473 ], [ -71.19984397844965, 42.398372832841552 ], [ -71.199988375076416, 42.398179650280269 ], [ -71.199978431620451, 42.397915731019943 ], [ -71.199853066836667, 42.397658262683173 ], [ -71.199708518952079, 42.397444069888159 ], [ -71.199689241130827, 42.397387189642828 ], [ -71.199746881822605, 42.397358643827395 ] ] ] ] } },
{ "type": "Feature", "properties": { }, "geometry": { "type": "MultiPolygon", "coordinates": [ [ [ [ -71.217059783276653, 42.366643724052615 ], [ -71.217093782909615, 42.366613723916736 ], [ -71.217190783642451, 42.36653372408469 ], [ -71.217340784736933, 42.366503723797429 ], [ -71.217402783874491, 42.366484724530004 ], [ -71.217402906703597, 42.366484687491358 ], [ -71.217768256686597, 42.366763299810152 ], [ -71.218107419468012, 42.366935185453151 ], [ -71.218477570311464, 42.367049753030074 ], [ -71.218616394995692, 42.367141809080209 ], [ -71.218739503586704, 42.367313163810806 ], [ -71.218801139919421, 42.367358891337254 ], [ -71.219217414041196, 42.367553469292091 ], [ -71.219371507061183, 42.367668068738091 ], [ -71.219448382161502, 42.367828056298727 ], [ -71.219540787650274, 42.367908181728261 ], [ -71.219664126551223, 42.367942805778377 ], [ -71.219988076743917, 42.36795428611196 ], [ -71.220142476020087, 42.368000238812016 ], [ -71.220234832839125, 42.368091617074569 ], [ -71.220249955477328, 42.368275086165646 ], [ -71.220373323344091, 42.368389046795919 ], [ -71.220573781396467, 42.368400787711188 ], [ -71.22108290031619, 42.368321561406582 ], [ -71.221283599773074, 42.368321485481268 ], [ -71.221499310989458, 42.368401908196432 ], [ -71.221854071907188, 42.368482104333864 ], [ -71.222192991909353, 42.368756946864799 ], [ -71.222455134247085, 42.368848170799531 ], [ -71.223098123382172, 42.368868852271184 ], [ -71.223195614670047, 42.368871900425376 ], [ -71.223457655551755, 42.368986754197735 ], [ -71.22393580769689, 42.369135324377353 ], [ -71.224120595702487, 42.3692612446034 ], [ -71.224351509363458, 42.369684930457524 ], [ -71.224567331539845, 42.369959470662067 ], [ -71.224921729402567, 42.370256849107292 ], [ -71.225414983881308, 42.370600134860965 ], [ -71.225537967387666, 42.37080580501236 ], [ -71.225738407823386, 42.370954829623798 ], [ -71.226015920700377, 42.371092221399238 ], [ -71.226231698556049, 42.37116081912994 ], [ -71.227342333911977, 42.371402032767108 ], [ -71.227527289097182, 42.371448047946934 ], [ -71.227773842983495, 42.371551038890921 ], [ -71.228359540403105, 42.372020007249191 ], [ -71.228760399868605, 42.37228372292148 ], [ -71.228976178762963, 42.372397892146594 ], [ -71.229454362806166, 42.372592578599765 ], [ -71.2301634409625, 42.373050574380905 ], [ -71.230533549874266, 42.373188172432549 ], [ -71.230795676977067, 42.373245616666253 ], [ -71.231227648958935, 42.373246064646885 ], [ -71.231690645965017, 42.37317793708236 ], [ -71.232169111987773, 42.373040634686063 ], [ -71.232693583423014, 42.372835353614185 ], [ -71.233326373963138, 42.372630321450515 ], [ -71.234992841602747, 42.372346085274735 ], [ -71.235316674842224, 42.372346268598271 ], [ -71.235517196357321, 42.372391744062355 ], [ -71.235825655918319, 42.372529745923508 ], [ -71.236164755822259, 42.372781477581484 ], [ -71.236264872737706, 42.372793523462384 ], [ -71.236138554467146, 42.372968225481912 ], [ -71.235794491277915, 42.372723797126305 ], [ -71.235609574639497, 42.372620965206245 ], [ -71.235424467841725, 42.372563709210475 ], [ -71.235177705078442, 42.372551887574318 ], [ -71.234869092873794, 42.372586062131191 ], [ -71.234529509540465, 42.372676994510762 ], [ -71.234035931484073, 42.372710739585692 ], [ -71.233711996609216, 42.372779198758977 ], [ -71.233109938133666, 42.372984304383131 ], [ -71.232755014872964, 42.373247374414028 ], [ -71.232075929445315, 42.373406718890635 ], [ -71.231505015946055, 42.373646211850492 ], [ -71.231180934382778, 42.373702847386703 ], [ -71.230934117672206, 42.373702832703998 ], [ -71.230610191233112, 42.373633990514527 ], [ -71.230363527388931, 42.373553512465044 ], [ -71.230116677543961, 42.373428019459091 ], [ -71.229684770119604, 42.373279021295417 ], [ -71.229207073113415, 42.372969551307612 ], [ -71.228868104925027, 42.372649153049657 ], [ -71.228775533426273, 42.372603358028314 ], [ -71.228374409967302, 42.372488750689513 ], [ -71.227603687362588, 42.372076737093764 ], [ -71.226986903447568, 42.371778744307377 ], [ -71.226539813746442, 42.371766990916882 ], [ -71.226354617794712, 42.371732789758269 ], [ -71.226107777378502, 42.371652302096798 ], [ -71.225691455083563, 42.37145774926352 ], [ -71.225275337079452, 42.371217056027255 ], [ -71.224489083065407, 42.370633368268606 ], [ -71.224181113761119, 42.370347353420883 ], [ -71.22396557961126, 42.370050306189832 ], [ -71.223919222131173, 42.369935971764036 ], [ -71.223688386738743, 42.369581494334454 ], [ -71.223518887843326, 42.369386401105949 ], [ -71.223349275268816, 42.369261079109478 ], [ -71.223272209190057, 42.369272147142397 ], [ -71.223318263356973, 42.369455127532859 ], [ -71.22328743179915, 42.369478123023377 ], [ -71.223194908088644, 42.36946664677783 ], [ -71.222909486652611, 42.369275774875931 ], [ -71.222886598863226, 42.369260527469351 ], [ -71.222439322315893, 42.369122718312227 ], [ -71.222285208112055, 42.369054262383351 ], [ -71.221437514078076, 42.36860713509563 ], [ -71.221144264089219, 42.368515833380059 ], [ -71.22092843929569, 42.368504056159068 ], [ -71.220789529781385, 42.368515535064809 ], [ -71.220527256669584, 42.368583544220648 ], [ -71.220419369695747, 42.368572028387149 ], [ -71.220033664436045, 42.368411852519181 ], [ -71.219633179540068, 42.368205499893008 ], [ -71.219355540824765, 42.368102415477551 ], [ -71.219124392123703, 42.367953867241226 ], [ -71.218831650187582, 42.367621735587811 ], [ -71.218569787150813, 42.367427534344216 ], [ -71.218107106928286, 42.367175447308909 ], [ -71.217922274023564, 42.367106347476344 ], [ -71.217691029311567, 42.366980865786815 ], [ -71.217490642160769, 42.366911727057612 ], [ -71.217182401033753, 42.366739915665505 ], [ -71.217059680835717, 42.366643810881477 ], [ -71.217059783276653, 42.366643724052615 ] ] ] ] } },
{ "type": "Feature", "properties": { }, "geometry": { "type": "MultiPolygon", "coordinates": [ [ [ [ -71.209078576136051, 42.386354797921967 ], [ -71.209079417638407, 42.386295719316621 ], [ -71.209021493361121, 42.386224113212457 ], [ -71.208896272928754, 42.386138269905445 ], [ -71.208765060228743, 42.386117681433227 ], [ -71.208308470331403, 42.386046190006475 ], [ -71.207990408930257, 42.38593172272482 ], [ -71.207662644552386, 42.385781781445672 ], [ -71.207373596964501, 42.385753475285419 ], [ -71.207257840395556, 42.385796506554136 ], [ -71.207190500117889, 42.385996646971122 ], [ -71.207017059494603, 42.386039531108587 ], [ -71.206882222267097, 42.385982357458481 ], [ -71.206708560316642, 42.385868254587457 ], [ -71.206679646475536, 42.385761272824446 ], [ -71.206785621060121, 42.385618061259443 ], [ -71.206862670468595, 42.385574931804356 ], [ -71.206862743390815, 42.38551810193524 ], [ -71.206978268761688, 42.385525148442319 ], [ -71.207093445050106, 42.385484366670219 ], [ -71.207189683394958, 42.385476734319589 ], [ -71.207324733795872, 42.385405618531841 ], [ -71.207459317136255, 42.385312557117814 ], [ -71.207604012991339, 42.385248217623676 ], [ -71.20826524613598, 42.384928047548087 ], [ -71.208492499130543, 42.384818339760336 ], [ -71.208518933624177, 42.384805465267362 ], [ -71.209382046131978, 42.384485237616154 ], [ -71.209404856763584, 42.38447629247846 ], [ -71.209434844624909, 42.38447468023201 ], [ -71.209685269096113, 42.384359401893306 ], [ -71.209829828759652, 42.384323755622667 ], [ -71.209964928484482, 42.384323533767414 ], [ -71.210437121452316, 42.384465954874763 ], [ -71.210648988909469, 42.384566081439338 ], [ -71.211024995820722, 42.384830358274691 ], [ -71.211333484014403, 42.385129912838075 ], [ -71.211323821107769, 42.38525142611271 ], [ -71.211256572960508, 42.385351413207189 ], [ -71.211025481658737, 42.385637233660908 ], [ -71.2107270236408, 42.385923446873363 ], [ -71.21055381510601, 42.386123322871349 ], [ -71.210573038656364, 42.386152067610297 ], [ -71.210534400849156, 42.386302204222552 ], [ -71.210563584293396, 42.386351792955388 ], [ -71.210525050690947, 42.386437785029109 ], [ -71.210284106198543, 42.386594726886898 ], [ -71.21011075514815, 42.386617922330537 ], [ -71.21001449339812, 42.386630621129449 ], [ -71.209677020719326, 42.38660951341199 ], [ -71.209166236588686, 42.386438295347432 ], [ -71.209078298629692, 42.386373928124172 ], [ -71.209078576136051, 42.386354797921967 ] ] ] ] } },
{ "type": "Feature", "properties": { }, "geometry": { "type": "MultiPolygon", "coordinates": [ [ [ [ -71.196701124865271, 42.386069616999876 ], [ -71.196793241572124, 42.38605129166455 ], [ -71.196735391050154, 42.386244136298089 ], [ -71.196619784147416, 42.386372683716665 ], [ -71.196484992552996, 42.386386957575681 ], [ -71.19640786872246, 42.386444146746932 ], [ -71.196349994233927, 42.386443993951119 ], [ -71.19628243785364, 42.386405553728537 ], [ -71.196263327557062, 42.386394249778256 ], [ -71.196311590474721, 42.386301536033635 ], [ -71.196465561617615, 42.386165775423834 ], [ -71.196648515060588, 42.386079606369663 ], [ -71.196701124865271, 42.386069616999876 ] ] ] ] } },
{ "type": "Feature", "properties": { }, "geometry": { "type": "MultiPolygon", "coordinates": [ [ [ [ -71.206322842082386, 42.385205565797861 ], [ -71.20639963268853, 42.385177065508969 ], [ -71.206621202054691, 42.385148371939735 ], [ -71.206756252393646, 42.385077256813851 ], [ -71.206861870411643, 42.384970055379114 ], [ -71.206890739686074, 42.384841276643648 ], [ -71.20689086425439, 42.384691605700425 ], [ -71.206939003520958, 42.38466303201934 ], [ -71.20716062505285, 42.384827334697619 ], [ -71.207218357894376, 42.38489837860935 ], [ -71.207218440849232, 42.384962523643267 ], [ -71.206722549468523, 42.385266229285044 ], [ -71.206534563143634, 42.385377159136937 ], [ -71.206438293509507, 42.385391542945818 ], [ -71.206371007828267, 42.385334541104811 ], [ -71.206322842082386, 42.385205565797861 ] ] ] ] } },
{ "type": "Feature", "properties": { }, "geometry": { "type": "MultiPolygon", "coordinates": [ [ [ [ -71.203423075366956, 42.384970803698629 ], [ -71.203519265266195, 42.385013814949836 ], [ -71.203519479079773, 42.385049263960362 ], [ -71.203442462353124, 42.385085076509149 ], [ -71.203317038298422, 42.385085315672399 ], [ -71.20328829737231, 42.385063859910296 ], [ -71.203288119241805, 42.385021096229629 ], [ -71.203423075366956, 42.384970803698629 ] ] ] ] } },
{ "type": "Feature", "properties": { }, "geometry": { "type": "MultiPolygon", "coordinates": [ [ [ [ -71.203856558570621, 42.384949413861079 ], [ -71.204039464591929, 42.384992085281183 ], [ -71.204097327005925, 42.38503499740154 ], [ -71.20409738209905, 42.385063693914319 ], [ -71.20407815226045, 42.385077711280921 ], [ -71.203962594983238, 42.385077976537289 ], [ -71.203808239189144, 42.385056760144273 ], [ -71.203760402710429, 42.385020625793267 ], [ -71.20375054695748, 42.384977837183449 ], [ -71.203808363945569, 42.384949289740348 ], [ -71.203856558570621, 42.384949413861079 ] ] ] ] } },
{ "type": "Feature", "properties": { }, "geometry": { "type": "MultiPolygon", "coordinates": [ [ [ [ -71.202686307357624, 42.385410037623672 ], [ -71.202633415465485, 42.385399772736832 ], [ -71.202286511261136, 42.385449515840158 ], [ -71.20198794166086, 42.385550023817267 ], [ -71.201853031385724, 42.385549674130012 ], [ -71.201756927697616, 42.385528605997379 ], [ -71.201573753331942, 42.385542760325706 ], [ -71.201429429554167, 42.385607093215867 ], [ -71.201082457803324, 42.385871211280254 ], [ -71.200822731401033, 42.385942558148649 ], [ -71.20078407640635, 42.385971153949313 ], [ -71.200744040478455, 42.385971049774554 ], [ -71.200464481914466, 42.385942750944523 ], [ -71.200368258002484, 42.38590705181926 ], [ -71.200059772924277, 42.385856732349986 ], [ -71.19982846604411, 42.385857254180543 ], [ -71.199645412890476, 42.385885472606397 ], [ -71.199462476777541, 42.385928883243494 ], [ -71.199192608255103, 42.386057592672358 ], [ -71.198932592522709, 42.386229090479283 ], [ -71.198807382318449, 42.386342985421571 ], [ -71.198604813558063, 42.386364961667404 ], [ -71.19827710694436, 42.386286453353193 ], [ -71.198074795114891, 42.386175075618844 ], [ -71.198017072635452, 42.386143414319235 ], [ -71.197939835945178, 42.385986225443766 ], [ -71.197949542029775, 42.385900724493418 ], [ -71.198007120706421, 42.385843482963281 ], [ -71.198045825467247, 42.385764810237148 ], [ -71.198151807244201, 42.385743706849368 ], [ -71.198411966928049, 42.385621726477375 ], [ -71.199173202584134, 42.38555000999915 ], [ -71.199240699546593, 42.385521490169396 ], [ -71.199781876144954, 42.385479015660096 ], [ -71.20029267269031, 42.385400448300913 ], [ -71.200629797674708, 42.385292730327194 ], [ -71.20119800161784, 42.385071389187139 ], [ -71.201506143878845, 42.384992852385381 ], [ -71.20192981195801, 42.384920240993623 ], [ -71.201928774931716, 42.38489885669329 ], [ -71.202015502846024, 42.384855755556387 ], [ -71.202092585190115, 42.384805877279 ], [ -71.202342755661007, 42.384506057148087 ], [ -71.202670430749677, 42.384348230743086 ], [ -71.203219653799167, 42.384205604905894 ], [ -71.203287015428501, 42.384205216056586 ], [ -71.203335154738809, 42.384176643876934 ], [ -71.203643568608356, 42.384119483668698 ], [ -71.203951871867943, 42.3840049295939 ], [ -71.204279392806853, 42.383919120492401 ], [ -71.204483760338206, 42.383916269810939 ], [ -71.204510659577508, 42.383925904392513 ], [ -71.204520323611831, 42.383969255128122 ], [ -71.204346845370864, 42.384304725660598 ], [ -71.204337605455621, 42.384576473453912 ], [ -71.204192952251006, 42.384712268561024 ], [ -71.203952019128792, 42.384783670830487 ], [ -71.203537790141183, 42.384826492275316 ], [ -71.203229494691229, 42.384898282029233 ], [ -71.203046420238408, 42.385012594924248 ], [ -71.202940716590064, 42.385177185395086 ], [ -71.202845399315265, 42.385271468360372 ], [ -71.202756422465839, 42.385348887415923 ], [ -71.202686307357624, 42.385410037623672 ] ] ] ] } },
{ "type": "Feature", "properties": { }, "geometry": { "type": "MultiPolygon", "coordinates": [ [ [ [ -71.209078576136051, 42.386354797921967 ], [ -71.209039717722419, 42.386304621657672 ], [ -71.208885405975721, 42.386190571049532 ], [ -71.208765060228743, 42.386117681433227 ], [ -71.208896272928754, 42.386138269905445 ], [ -71.209021493361121, 42.386224113212457 ], [ -71.209079417638407, 42.386295719316621 ], [ -71.209078576136051, 42.386354797921967 ] ] ] ] } },
{ "type": "Feature", "properties": { }, "geometry": { "type": "MultiPolygon", "coordinates": [ [ [ [ -71.202686307357624, 42.385410037623672 ], [ -71.202700707404702, 42.385535551135945 ], [ -71.202681620424926, 42.385599646615816 ], [ -71.202594860172226, 42.385649500252079 ], [ -71.202286604869172, 42.385671209606123 ], [ -71.202026745357188, 42.385771255214102 ], [ -71.201920677437869, 42.385770980336282 ], [ -71.201699196362213, 42.385699509134398 ], [ -71.201592935250105, 42.385699796126893 ], [ -71.201477554947829, 42.385742822567281 ], [ -71.2013714925519, 42.385821321544888 ], [ -71.201265684789774, 42.386006729124752 ], [ -71.201217508571659, 42.386042615097246 ], [ -71.201072940124249, 42.386078250533423 ], [ -71.200928694085164, 42.386085752932516 ], [ -71.200841855295536, 42.386071460220059 ], [ -71.200793795671245, 42.386042638821735 ], [ -71.20078407640635, 42.385971153949313 ], [ -71.200822731401033, 42.385942558148649 ], [ -71.201082457803324, 42.385871211280254 ], [ -71.201429429554167, 42.385607093215867 ], [ -71.201573753331942, 42.385542760325706 ], [ -71.201756927697616, 42.385528605997379 ], [ -71.201853031385724, 42.385549674130012 ], [ -71.20198794166086, 42.385550023817267 ], [ -71.202286511261136, 42.385449515840158 ], [ -71.202633415465485, 42.385399772736832 ], [ -71.202686307357624, 42.385410037623672 ] ] ] ] } },
{ "type": "Feature", "properties": { }, "geometry": { "type": "MultiPolygon", "coordinates": [ [ [ [ -71.196748275712764, 42.387671673879495 ], [ -71.196806082629635, 42.387685893138041 ], [ -71.196863840046404, 42.387750190202134 ], [ -71.196825490879291, 42.387793414992572 ], [ -71.196632822564297, 42.387886310765751 ], [ -71.196545915947254, 42.387886081485938 ], [ -71.196488333483487, 42.387864547931223 ], [ -71.196343717080708, 42.387750506080543 ], [ -71.19636289786132, 42.387707793516277 ], [ -71.196565300026236, 42.38772183189262 ], [ -71.196661523732516, 42.38767875985306 ], [ -71.196748275712764, 42.387671673879495 ] ] ] ] } },
{ "type": "Feature", "properties": { }, "geometry": { "type": "MultiPolygon", "coordinates": [ [ [ [ -71.195409046721394, 42.387500457927764 ], [ -71.195441679444968, 42.387422895361965 ], [ -71.195438006254264, 42.387279403802907 ], [ -71.195389777641736, 42.38712847947361 ], [ -71.195405914250998, 42.387008672675478 ], [ -71.195435048904088, 42.386987368228503 ], [ -71.195579468550349, 42.387101973403752 ], [ -71.195704935874858, 42.387330188366185 ], [ -71.195656739371117, 42.387566383840017 ], [ -71.195550616124422, 42.387694955254169 ], [ -71.195444714609948, 42.387659226405894 ], [ -71.195396550019524, 42.387573572426859 ], [ -71.195409046721394, 42.387500457927764 ] ] ] ] } },
{ "type": "Feature", "properties": { }, "geometry": { "type": "MultiPolygon", "coordinates": [ [ [ [ -71.1953006877511, 42.387463690716878 ], [ -71.195289687371556, 42.387428690266859 ], [ -71.195252687406324, 42.387363690275151 ], [ -71.195233687595589, 42.387293690113147 ], [ -71.195124688246537, 42.387019690524518 ], [ -71.195117688550113, 42.386990690210901 ], [ -71.195082687700591, 42.386954690718383 ], [ -71.19486286886152, 42.386728875409212 ], [ -71.194927269868032, 42.386672612976177 ], [ -71.195033170646141, 42.38662956795951 ], [ -71.195331910582951, 42.386536393223878 ], [ -71.195379916954622, 42.386536520393292 ], [ -71.195418677050327, 42.386565319426253 ], [ -71.19540900269314, 42.386643505482319 ], [ -71.195351144293511, 42.386758137710167 ], [ -71.195351268640238, 42.387007965256629 ], [ -71.195389777641736, 42.38712847947361 ], [ -71.195438006254264, 42.387279403802907 ], [ -71.195441679444968, 42.387422895361965 ], [ -71.195409046721394, 42.387500457927764 ], [ -71.195310373495872, 42.387567328323954 ], [ -71.1953006877511, 42.387463690716878 ] ] ] ] } },
{ "type": "Feature", "properties": { }, "geometry": { "type": "MultiPolygon", "coordinates": [ [ [ [ -71.196546673821416, 42.394621689950803 ], [ -71.196406898218157, 42.394331156250125 ], [ -71.196408312856889, 42.394331141364283 ], [ -71.19667313660554, 42.394392046068518 ], [ -71.196750172134273, 42.394434449669248 ], [ -71.196846633806345, 42.394541611801834 ], [ -71.196914032913241, 42.394891771937729 ], [ -71.196914265999723, 42.395120217712758 ], [ -71.197001021453531, 42.395391654566168 ], [ -71.19700114472289, 42.395484495894799 ], [ -71.196977019964066, 42.395516333119765 ], [ -71.196546673821416, 42.394621689950803 ] ] ] ] } },
{ "type": "Feature", "properties": { }, "geometry": { "type": "MultiPolygon", "coordinates": [ [ [ [ -71.196676676860434, 42.393776690173006 ], [ -71.197663679765228, 42.393207692345413 ], [ -71.197665241369592, 42.393206434380737 ], [ -71.197790382558168, 42.393312967003524 ], [ -71.197809654738293, 42.393370410287432 ], [ -71.197645946157976, 42.393634436350403 ], [ -71.19753995142166, 42.393734876124171 ], [ -71.197414667324111, 42.393741861342946 ], [ -71.197183588458145, 42.393648974819655 ], [ -71.197058182456161, 42.393641892504533 ], [ -71.196721062536355, 42.393777733603834 ], [ -71.196675725539151, 42.393777614048936 ], [ -71.196676676860434, 42.393776690173006 ] ] ] ] } },
{ "type": "Feature", "properties": { }, "geometry": { "type": "MultiPolygon", "coordinates": [ [ [ [ -71.247568162595542, 42.41109297749103 ], [ -71.247653998916505, 42.411084163098778 ], [ -71.2477018951829, 42.41106907607525 ], [ -71.247743169762188, 42.411048347816497 ], [ -71.247791316153325, 42.411018069226472 ], [ -71.247825835637045, 42.410977632693722 ], [ -71.247819014627936, 42.41092697748126 ], [ -71.247805531545367, 42.410880809019453 ], [ -71.247785212607056, 42.410835188238039 ], [ -71.247778520508902, 42.410799725382581 ], [ -71.247765095895687, 42.410738927633489 ], [ -71.247765239680461, 42.410702917095115 ], [ -71.247785902269257, 42.410662450187864 ], [ -71.247765623854633, 42.410606701436407 ], [ -71.247751991802318, 42.410550404584924 ], [ -71.247745421080481, 42.410484557831808 ], [ -71.247745582850314, 42.410444045973669 ], [ -71.247773432465834, 42.410362519942616 ], [ -71.247835245469361, 42.410332271294607 ], [ -71.24791741889112, 42.410337515418433 ], [ -71.24798590375805, 42.410347793523329 ], [ -71.248088725859091, 42.41036321081171 ], [ -71.24815713124363, 42.410393744746983 ], [ -71.248232596704227, 42.410414728709419 ], [ -71.248301000999135, 42.410445262556145 ], [ -71.248355820083688, 42.410455510539045 ], [ -71.248417451393109, 42.410470837420547 ], [ -71.248451748366506, 42.410486104501082 ], [ -71.248533880508347, 42.410501476146642 ], [ -71.248595553426824, 42.41050667497057 ], [ -71.248671061700563, 42.410516968015564 ], [ -71.248718896864645, 42.410517072513969 ], [ -71.248835609300841, 42.410476815183983 ], [ -71.24885650091305, 42.410426220531221 ], [ -71.248856785000569, 42.41035476211092 ], [ -71.24879238147733, 42.410368125560979 ], [ -71.248741902957931, 42.410364639301712 ], [ -71.248678495213383, 42.410366188801078 ], [ -71.24862290688742, 42.410358752638764 ], [ -71.248579877542795, 42.410343466523919 ], [ -71.248607976419038, 42.410294575674854 ], [ -71.248640985370272, 42.410251884913194 ], [ -71.248694336781085, 42.410201361208102 ], [ -71.248740229543628, 42.410117061008307 ], [ -71.248806442243819, 42.410030554482574 ], [ -71.248813941754548, 42.410006376062853 ], [ -71.248973531873744, 42.409971276234444 ], [ -71.249060471264428, 42.409970903246908 ], [ -71.249108545481036, 42.410006456294319 ], [ -71.249205558094516, 42.410385344496333 ], [ -71.249379503360245, 42.410799285722447 ], [ -71.249494712523543, 42.41089856649716 ], [ -71.24949469730042, 42.411189466600462 ], [ -71.249447524960473, 42.411213558657309 ], [ -71.249312522649518, 42.411270656832251 ], [ -71.249168139969825, 42.411299600921978 ], [ -71.249042664088563, 42.411299889933858 ], [ -71.249013600419943, 42.411257063646659 ], [ -71.248936617336682, 42.411235514221779 ], [ -71.248859489928748, 42.411249975277933 ], [ -71.248502700926451, 42.411228939718157 ], [ -71.247972592749207, 42.411257601061003 ], [ -71.247914619387473, 42.411229340562585 ], [ -71.247568162595542, 42.41109297749103 ] ] ] ] } },
{ "type": "Feature", "properties": { }, "geometry": { "type": "MultiPolygon", "coordinates": [ [ [ [ -71.243853803902709, 42.409558806781135 ], [ -71.243964041234548, 42.409476902393244 ], [ -71.244040944359725, 42.409376918299174 ], [ -71.244069233234953, 42.409281890034535 ], [ -71.244098671722199, 42.409184050969017 ], [ -71.244107868611422, 42.408741250217162 ], [ -71.244040257266107, 42.408562733426344 ], [ -71.244103780616356, 42.408531927904853 ], [ -71.24420020718938, 42.408532142366681 ], [ -71.244653337606195, 42.408617549580796 ], [ -71.245174360568356, 42.408859527654933 ], [ -71.245357373717667, 42.408852618211618 ], [ -71.245453726895221, 42.408824135295411 ], [ -71.245530703059984, 42.408752283854227 ], [ -71.245530828584307, 42.408674073015405 ], [ -71.245492146499132, 42.408616595108761 ], [ -71.245347338745688, 42.408516682061062 ], [ -71.245356880835402, 42.408409795895473 ], [ -71.245501310309535, 42.408273949389695 ], [ -71.245655528700183, 42.408252346347737 ], [ -71.245742190181446, 42.408273356715767 ], [ -71.245829057646972, 42.408337693059615 ], [ -71.245896608147618, 42.408437997543885 ], [ -71.245848528459007, 42.408451958076967 ], [ -71.245916120428149, 42.408494870306455 ], [ -71.246089443239697, 42.408537453249842 ], [ -71.24623405539262, 42.408544524394763 ], [ -71.246417345110146, 42.408515669751537 ], [ -71.246600397822235, 42.408451366089949 ], [ -71.246869923334302, 42.408265715747454 ], [ -71.246956663724887, 42.408172503376093 ], [ -71.24709141076687, 42.407893715404391 ], [ -71.247178166445224, 42.407843828482527 ], [ -71.247322483630342, 42.407829516156788 ], [ -71.24740938916041, 42.407979377231307 ], [ -71.24739050221747, 42.408050794842296 ], [ -71.247428862718706, 42.408093641990831 ], [ -71.247486757142056, 42.408093769091622 ], [ -71.24751587557499, 42.40812196650409 ], [ -71.247532038361328, 42.408162514213984 ], [ -71.247513115942709, 42.408195107538802 ], [ -71.24752645145206, 42.408230585013754 ], [ -71.247485630226436, 42.408280573035888 ], [ -71.247444969858506, 42.408290611832058 ], [ -71.247356765548432, 42.40827522605835 ], [ -71.247282378193461, 42.408269998630971 ], [ -71.24723490470889, 42.408274958355697 ], [ -71.247187369206287, 42.408295110012588 ], [ -71.247193873447486, 42.408330009842196 ], [ -71.247220634630096, 42.408425722536712 ], [ -71.247213621144439, 42.408470720717141 ], [ -71.247213319447511, 42.408546117820251 ], [ -71.24721311906633, 42.408596194999916 ], [ -71.247219630500425, 42.408676671101283 ], [ -71.247226243262546, 42.408731827279453 ], [ -71.247253045184578, 42.408817411988949 ], [ -71.247279967512597, 42.408872612783227 ], [ -71.247361087736294, 42.408903175139621 ], [ -71.247402966260552, 42.408921272540404 ], [ -71.247442398766822, 42.408933737857332 ], [ -71.247489814255346, 42.408943407335066 ], [ -71.247550704847129, 42.408953669035604 ], [ -71.247618409869304, 42.408969009683119 ], [ -71.247720091340497, 42.4089844248087 ], [ -71.247794669086232, 42.408989652367708 ], [ -71.247802067779404, 42.408990793928226 ], [ -71.247844622997633, 42.409172066894634 ], [ -71.24783517034615, 42.409257571982053 ], [ -71.247787021641997, 42.409336240195778 ], [ -71.247652390349771, 42.409443414866061 ], [ -71.24741129734781, 42.409543603627121 ], [ -71.247266843029564, 42.409543849022086 ], [ -71.247189698918859, 42.409515546023023 ], [ -71.247181574675935, 42.409505962782383 ], [ -71.247035140549755, 42.409336839932287 ], [ -71.246900023687544, 42.409043954427084 ], [ -71.246751998457299, 42.408940660065895 ], [ -71.246677059878451, 42.408930929677489 ], [ -71.246348573419056, 42.409002790245964 ], [ -71.246263689420019, 42.409058870030584 ], [ -71.246196441831586, 42.409166191619654 ], [ -71.246138673818507, 42.409323611700479 ], [ -71.246148360832578, 42.409416473594803 ], [ -71.24608110316376, 42.409573310027007 ], [ -71.245927054293318, 42.409787909742761 ], [ -71.24556129063599, 42.410159588689737 ], [ -71.245359189328042, 42.41047423653368 ], [ -71.245378689431135, 42.410581186932014 ], [ -71.245504069512094, 42.410745763910526 ], [ -71.245475545012027, 42.410852608031774 ], [ -71.2453405547502, 42.410953027146022 ], [ -71.245318304888272, 42.410963105942734 ], [ -71.245099805336068, 42.411059963846668 ], [ -71.244695285007509, 42.411389353858311 ], [ -71.244492953873419, 42.411617911159894 ], [ -71.244367860950248, 42.411711036400291 ], [ -71.244097930181752, 42.411803839411064 ], [ -71.244009613553558, 42.411815458981735 ], [ -71.243934211902044, 42.411825419223845 ], [ -71.243008579263758, 42.411833483220569 ], [ -71.242787005575224, 42.41189094299471 ], [ -71.242603898204791, 42.41201207007034 ], [ -71.242594229731978, 42.412055373990349 ], [ -71.242314845227227, 42.41209132204775 ], [ -71.242160470207565, 42.411962687503838 ], [ -71.242170123973864, 42.411876620700312 ], [ -71.242073498090264, 42.41169128581717 ], [ -71.242082916402396, 42.411569770303295 ], [ -71.242121245528381, 42.411527093340169 ], [ -71.242150113724009, 42.411384239968832 ], [ -71.242166296741303, 42.411372460178107 ], [ -71.242265687599442, 42.411298410504486 ], [ -71.242420003950429, 42.411254867897775 ], [ -71.242718673357629, 42.411283669724241 ], [ -71.242728559590702, 42.411326454724367 ], [ -71.243114127720972, 42.411318876302865 ], [ -71.24330672799789, 42.411290047400492 ], [ -71.243663467616074, 42.411182810290022 ], [ -71.243914122694903, 42.411068021266495 ], [ -71.244068095529187, 42.410968208724434 ], [ -71.244241532507147, 42.410796417535551 ], [ -71.244270175232884, 42.41066087782383 ], [ -71.244241025360893, 42.410546591076148 ], [ -71.244163907950863, 42.410418130909171 ], [ -71.244028778152668, 42.410318237772863 ], [ -71.243932109579205, 42.410189733936903 ], [ -71.243917939084454, 42.409986015943254 ], [ -71.243912737955299, 42.4099111692856 ], [ -71.243908474428551, 42.409885839654407 ], [ -71.243853803902709, 42.409558806781135 ] ] ] ] } },
{ "type": "Feature", "properties": { }, "geometry": { "type": "MultiPolygon", "coordinates": [ [ [ [ -71.273462827040305, 42.411656802532391 ], [ -71.273441292279983, 42.411669540565555 ], [ -71.273335188293359, 42.411825753607623 ], [ -71.273334936191588, 42.411896007752418 ], [ -71.272677716699675, 42.413117757052085 ], [ -71.270859711759357, 42.416496755054382 ], [ -71.271765708931625, 42.416774755081832 ], [ -71.269939705031589, 42.419921753246577 ], [ -71.269894010936667, 42.420000876633516 ], [ -71.269888942442776, 42.419990548433994 ], [ -71.269886223542542, 42.419955094921697 ], [ -71.269890721592418, 42.419919093168872 ], [ -71.269892941441753, 42.419883086861233 ], [ -71.269907304292644, 42.419848792831168 ], [ -71.269919962051745, 42.419813932722917 ], [ -71.269930342439807, 42.41977850539314 ], [ -71.269936546741434, 42.419743069715423 ], [ -71.269939146864203, 42.419707064165486 ], [ -71.269945919789606, 42.419671629623153 ], [ -71.269954214762862, 42.419635635454171 ], [ -71.269958140851884, 42.419600195220873 ], [ -71.26996453671461, 42.419564197255077 ], [ -71.269970740976035, 42.419528761573673 ], [ -71.269972960766182, 42.419492755261111 ], [ -71.269972332524944, 42.419456743256674 ], [ -71.269972653221743, 42.419420733148293 ], [ -71.269975632399479, 42.41938472835232 ], [ -71.269978611573734, 42.41934872355597 ], [ -71.269981590744621, 42.419312718759237 ], [ -71.269984568697126, 42.419276713959675 ], [ -71.269994378279975, 42.419241848147152 ], [ -71.270002292866479, 42.419205853211018 ], [ -71.270005461560885, 42.419169848791171 ], [ -71.270014892028314, 42.419134982218523 ], [ -71.270030773421198, 42.419100691201514 ], [ -71.270040963252981, 42.419065826143367 ], [ -71.270050396567441, 42.419029834236675 ], [ -71.270049194345034, 42.418994946418053 ], [ -71.270025198209723, 42.41896338906767 ], [ -71.27000500434653, 42.418930713973552 ], [ -71.269989941600045, 42.418896361125078 ], [ -71.269978867392965, 42.418861453577001 ], [ -71.26997539115429, 42.418825435875632 ], [ -71.269974383833059, 42.418789423107825 ], [ -71.269982675410191, 42.418753991590641 ], [ -71.269992107877187, 42.41871856235241 ], [ -71.269992428559064, 42.418682552237563 ], [ -71.269999771186264, 42.41864711882203 ], [ -71.27000123154572, 42.418611110983861 ], [ -71.269992437579631, 42.418575645322875 ], [ -71.269978134306925, 42.418541293987339 ], [ -71.269964211348253, 42.418506943409774 ], [ -71.269953139272999, 42.418471473191929 ], [ -71.269944915192951, 42.418436008665026 ], [ -71.269936121282825, 42.418400542998207 ], [ -71.269924857650963, 42.418365635061882 ], [ -71.269917583736557, 42.41833017243129 ], [ -71.269913537723781, 42.418294153584348 ], [ -71.269910631391468, 42.418258137015158 ], [ -71.269909624116167, 42.418222124241851 ], [ -71.269916017817465, 42.41818668893081 ], [ -71.269932847109487, 42.418152962482814 ], [ -71.269950435760805, 42.41811923754981 ], [ -71.269966695180145, 42.418085509957415 ], [ -71.269984473334972, 42.418051785397481 ], [ -71.270009834153242, 42.418021451995003 ], [ -71.270040690708257, 42.417993380239345 ], [ -71.270075901658515, 42.417968693182551 ], [ -71.270101635335536, 42.41794004850869 ], [ -71.270118087430816, 42.417905758610395 ], [ -71.270132072678408, 42.417870901114853 ], [ -71.270143020415034, 42.417836037551488 ], [ -71.270144480674077, 42.417800029704473 ], [ -71.270156183669485, 42.417766292983906 ], [ -71.270169409492496, 42.41773143396626 ], [ -71.270189721823115, 42.41767970905024 ], [ -71.27020294760959, 42.417644850028054 ], [ -71.270215224471244, 42.417609989109671 ], [ -71.270225982577841, 42.417575125157818 ], [ -71.270234654147245, 42.417539694371364 ], [ -71.270241238350991, 42.417504259417292 ], [ -71.270246495393749, 42.41746825914516 ], [ -71.270250423230976, 42.417432256219286 ], [ -71.270253591695166, 42.417396251777255 ], [ -71.270256569402477, 42.417360246954075 ], [ -71.270259548321391, 42.417324242132899 ], [ -71.270263097066021, 42.417288238448727 ], [ -71.27026759349657, 42.417252236655671 ], [ -71.270273037994741, 42.417216799422626 ], [ -71.27027886482378, 42.417180800283852 ], [ -71.270284879137378, 42.417145364186908 ], [ -71.270291085028177, 42.417109365803469 ], [ -71.27029747840308, 42.417073930461797 ], [ -71.270304063354331, 42.41703793283353 ], [ -71.270310457929654, 42.41700249749298 ], [ -71.270317042866154, 42.416966499863349 ], [ -71.270323246675034, 42.416931064140826 ], [ -71.27032945252293, 42.416895065753458 ], [ -71.270335277244143, 42.416859629273269 ], [ -71.270340913253179, 42.416823629747661 ], [ -71.270346168136726, 42.41678819212931 ], [ -71.270351044772326, 42.416752191087468 ], [ -71.27035592140237, 42.416716190045065 ], [ -71.270360606444868, 42.416680751288247 ], [ -71.270365293527746, 42.416644749866698 ], [ -71.270370170141305, 42.416608748822782 ], [ -71.270375427036242, 42.416572748537043 ], [ -71.270381060951223, 42.416537311671249 ], [ -71.270386887656116, 42.416501312521127 ], [ -71.270392332022737, 42.41646587527606 ], [ -71.270397398142649, 42.416429874607545 ], [ -71.270401516579753, 42.416393872048083 ], [ -71.270404684905827, 42.416357867592893 ], [ -71.270405954231634, 42.416321859349296 ], [ -71.270405895595388, 42.416285848456383 ], [ -71.27040488685445, 42.416249835667891 ], [ -71.270403879329677, 42.416213822881538 ], [ -71.270403250875532, 42.416177810851018 ], [ -71.270403760844914, 42.416141801091086 ], [ -71.270406169803977, 42.416105795118938 ], [ -71.270411235056883, 42.416070357113448 ], [ -71.270418200122421, 42.416034360228565 ], [ -71.270425924531835, 42.415998364857572 ], [ -71.270432698001898, 42.415962930257471 ], [ -71.27043757452455, 42.415926929204808 ], [ -71.270439032526724, 42.415891484001897 ], [ -71.270434416556554, 42.415855464015628 ], [ -71.270425433197175, 42.415819997986119 ], [ -71.270415503010298, 42.415783967398497 ], [ -71.27040822790272, 42.415748504774427 ], [ -71.27040740787217, 42.415713055026202 ], [ -71.270417406201986, 42.415678189525906 ], [ -71.270432909486701, 42.41564333500456 ], [ -71.270451262654731, 42.41560792349626 ], [ -71.270475881323634, 42.415572524479515 ], [ -71.270464215124832, 42.415543805122184 ], [ -71.270435072923163, 42.415518426918965 ], [ -71.270401181877617, 42.415493601903613 ], [ -71.27036387236592, 42.415469332726197 ], [ -71.270324470287974, 42.41544618469775 ], [ -71.270284118146591, 42.415423034759463 ], [ -71.27024376520302, 42.415400447473722 ], [ -71.270204741444516, 42.415377862827441 ], [ -71.270166092683738, 42.415356404253572 ], [ -71.270126874137631, 42.415334944528574 ], [ -71.270087274505656, 42.415314046697318 ], [ -71.270047292572343, 42.415293710756998 ], [ -71.270007121132679, 42.415273374423933 ], [ -71.269966949718864, 42.415253038076742 ], [ -71.269926778330898, 42.415232701715446 ], [ -71.26987827060249, 42.415207847324403 ], [ -71.269841718751934, 42.415184142158672 ], [ -71.269804404321576, 42.415160998124463 ], [ -71.26976690365278, 42.41513729103692 ], [ -71.269729590492332, 42.415114146980656 ], [ -71.269692658473872, 42.4150904410062 ], [ -71.269656485823717, 42.415066736539465 ], [ -71.269621456923034, 42.415041909013397 ], [ -71.269587568505031, 42.415016521091069 ], [ -71.269556536153033, 42.414988888202707 ], [ -71.269529498268071, 42.414959012630177 ], [ -71.269506075785529, 42.414926893617057 ], [ -71.269485313672561, 42.414894217258585 ], [ -71.269466451372523, 42.414860982032771 ], [ -71.26944834843006, 42.414827748324669 ], [ -71.269430626621713, 42.414793952708308 ], [ -71.269413663330155, 42.414760721277176 ], [ -71.269396893695202, 42.414726364894044 ], [ -71.269380311554443, 42.414692571552443 ], [ -71.269363729431404, 42.414658778208171 ], [ -71.269347336856228, 42.414624985241048 ], [ -71.269330565238505, 42.414591191511605 ], [ -71.269313413364131, 42.414557397017255 ], [ -71.269295691703732, 42.41452360137793 ], [ -71.269277399418016, 42.414490367260299 ], [ -71.269258347818166, 42.414457131617169 ], [ -71.269238534849862, 42.414424457112709 ], [ -71.269218341628402, 42.414391781842063 ], [ -71.269197769369171, 42.414359105807485 ], [ -71.269176627328733, 42.414326428626246 ], [ -71.269155483253797, 42.414294314105376 ], [ -71.269133958927497, 42.414262198817582 ], [ -71.269112247150773, 42.414229520480767 ], [ -71.269090343810788, 42.414197404423902 ], [ -71.269068250964423, 42.414165287982335 ], [ -71.269046158140426, 42.414133171536257 ], [ -71.269023872537929, 42.414101617367507 ], [ -71.26900177975881, 42.414069500912426 ], [ -71.26897949747368, 42.414037384072415 ], [ -71.268957403524595, 42.414005267605873 ], [ -71.268935310812935, 42.413973151137291 ], [ -71.268913407651681, 42.413941035044751 ], [ -71.268891694040576, 42.413908919328357 ], [ -71.268870173253248, 42.413876241326065 ], [ -71.268849029484585, 42.413844126745381 ], [ -71.268827887796633, 42.413811449495959 ], [ -71.268806935658162, 42.413778772623104 ], [ -71.268786174283591, 42.413746096129366 ], [ -71.2687652201285, 42.413713981913027 ], [ -71.268744268054718, 42.413681305027986 ], [ -71.268723126475393, 42.413648627758008 ], [ -71.26870179333045, 42.413616512767653 ], [ -71.268680079938406, 42.41358439700879 ], [ -71.268657987514629, 42.413552280483664 ], [ -71.268635514844917, 42.413520163189624 ], [ -71.268612471556708, 42.413488607412496 ], [ -71.268588665694153, 42.413457612765988 ], [ -71.268563721480987, 42.41342661582518 ], [ -71.268537256589454, 42.413396178489251 ], [ -71.268509838752749, 42.413366864567898 ], [ -71.268481470880587, 42.413337548728649 ], [ -71.268452723982449, 42.413308232119604 ], [ -71.268423595996069, 42.413279477405176 ], [ -71.268394659625187, 42.413250160399869 ], [ -71.268366102332976, 42.413220844149969 ], [ -71.268338114859475, 42.413191529039686 ], [ -71.268310508527151, 42.413161652020761 ], [ -71.268283090897413, 42.413132338043681 ], [ -71.268255485831773, 42.413102461013573 ], [ -71.268227879577509, 42.413072583974142 ], [ -71.268199702708344, 42.413043268447474 ], [ -71.268171145600007, 42.413013952147708 ], [ -71.268141635546698, 42.412985759258575 ], [ -71.268111176679383, 42.41295756444994 ], [ -71.268079574127725, 42.412930492666113 ], [ -71.268047020697423, 42.412903981625874 ], [ -71.268013707980145, 42.412877469045704 ], [ -71.267979631843318, 42.41285208025446 ], [ -71.267945176684407, 42.412826690688654 ], [ -71.267910341289095, 42.412801300345585 ], [ -71.267875123590215, 42.412776471889565 ], [ -71.267839907133705, 42.412751643425075 ], [ -71.26780488108281, 42.412726252664854 ], [ -71.267770043730565, 42.412701424943421 ], [ -71.267735588738034, 42.412676035313936 ], [ -71.267701704414918, 42.412650084156844 ], [ -71.267668391976272, 42.412623571475109 ], [ -71.267635461898209, 42.412596496886543 ], [ -71.267602339039541, 42.412569984567945 ], [ -71.267568837160894, 42.412543471474166 ], [ -71.26753418952589, 42.412518644062963 ], [ -71.267498210751413, 42.412494376620955 ], [ -71.267460323981638, 42.41247291865718 ], [ -71.267420155166718, 42.412452581407031 ], [ -71.267378078352237, 42.412435053631036 ], [ -71.267334288060269, 42.41241864771353 ], [ -71.267289544813238, 42.412403365190301 ], [ -71.267244036059552, 42.412389769108337 ], [ -71.267198523177981, 42.412377298337894 ], [ -71.267152436381295, 42.412365951726166 ], [ -71.267105587359026, 42.412355728891441 ], [ -71.267058350650785, 42.412347193259869 ], [ -71.267010545385631, 42.412338656457869 ], [ -71.266962930871429, 42.41233012002219 ], [ -71.266915504678494, 42.412321583948156 ], [ -71.266868271312902, 42.412312485576166 ], [ -71.266821990945559, 42.412302263777612 ], [ -71.266776476132776, 42.41229035550478 ], [ -71.26673210592385, 42.412276761526819 ], [ -71.266689265953872, 42.412260357288801 ], [ -71.266647760117422, 42.412242267732779 ], [ -71.266607402187532, 42.412221929813533 ], [ -71.266567807748388, 42.412200468090525 ], [ -71.266528594461363, 42.412178444457922 ], [ -71.266489568644246, 42.412156983861173 ], [ -71.266450163808443, 42.412135522481869 ], [ -71.266410569476889, 42.412114060704305 ], [ -71.26637173447692, 42.412092600454393 ], [ -71.266333089025792, 42.412071140576039 ], [ -71.266294445682632, 42.412049118019794 ], [ -71.266255991888727, 42.412027095835342 ], [ -71.265954902803443, 42.411879627315663 ], [ -71.265852895204659, 42.411796144806452 ], [ -71.265624468876467, 42.411608873712304 ], [ -71.265393506733247, 42.411338321951774 ], [ -71.265228976465181, 42.411018953022278 ], [ -71.265064729454537, 42.410674826961248 ], [ -71.264966177633397, 42.410428739272518 ], [ -71.264702002533639, 42.410158118198332 ], [ -71.264663295087743, 42.410102897459446 ], [ -71.264603275445424, 42.410061699849862 ], [ -71.264538332538777, 42.410017116119683 ], [ -71.264486916200113, 42.410010258879893 ], [ -71.264338097371251, 42.410009954238504 ], [ -71.264073291572359, 42.409960459455192 ], [ -71.263907762160457, 42.409911167764562 ], [ -71.263742049924005, 42.409910827694759 ], [ -71.263377136766763, 42.410032739911628 ], [ -71.263179932036266, 42.410280471460503 ], [ -71.262911562622264, 42.410522992053416 ], [ -71.262811265882107, 42.410743914421033 ], [ -71.262570445830434, 42.410827255573608 ], [ -71.262280540340313, 42.410889676081247 ], [ -71.261962916703908, 42.410851883402444 ], [ -71.261654293614512, 42.410843929958645 ], [ -71.261304707823058, 42.410925917822418 ], [ -71.261219076446068, 42.411182317373694 ], [ -71.261282682678612, 42.411379383555925 ], [ -71.261342901294398, 42.41151848774075 ], [ -71.261418123402095, 42.411706012541558 ], [ -71.261518732654139, 42.411856453728319 ], [ -71.261508147494879, 42.411995411072155 ], [ -71.261528064071157, 42.412100108799372 ], [ -71.261467107217655, 42.41215624938944 ], [ -71.261269105147093, 42.412310010180306 ], [ -71.261202824410262, 42.41241846781017 ], [ -71.261176839525419, 42.412613660059442 ], [ -71.261292382873293, 42.41283109001224 ], [ -71.261377764798709, 42.412992753074924 ], [ -71.261341762077947, 42.413176671183798 ], [ -71.261224555368514, 42.413348604785568 ], [ -71.261142794809487, 42.413584756088746 ], [ -71.261035793591702, 42.413768526710776 ], [ -71.26103505495999, 42.413963771282184 ], [ -71.261094496606773, 42.414308810689995 ], [ -71.26117979492787, 42.414492980417457 ], [ -71.261401733793363, 42.41468812412284 ], [ -71.261416465705295, 42.414808565777285 ], [ -71.261355251043938, 42.41493222599275 ], [ -71.261341666238337, 42.41511112648017 ], [ -71.261307259587596, 42.415123433842659 ], [ -71.261265238244889, 42.415141352087765 ], [ -71.261233862547783, 42.415155353721261 ], [ -71.261191650416563, 42.415173271543651 ], [ -71.261159896536455, 42.415186709703583 ], [ -71.261117498174315, 42.41520406444355 ], [ -71.261085366112724, 42.415216939129287 ], [ -71.261053420527801, 42.415230939530566 ], [ -71.261021663546728, 42.415245502983275 ], [ -71.260989339783592, 42.415258939912825 ], [ -71.260956453798769, 42.415270687659493 ], [ -71.26091123182664, 42.41528128443462 ], [ -71.260864133391081, 42.415286250606272 ], [ -71.2608162841275, 42.415288964523519 ], [ -71.260767684040957, 42.415289426185481 ], [ -71.260731048173511, 42.415288787362002 ], [ -71.260694224906331, 42.415287585468519 ], [ -71.26065721302578, 42.415285820502334 ], [ -71.260620388546855, 42.415284618582703 ], [ -71.260583567417029, 42.415282853989531 ], [ -71.260546933688161, 42.415281652443205 ], [ -71.260498529537657, 42.415280426393004 ], [ -71.260462087477634, 42.415278662549802 ], [ -71.260425643285544, 42.415277461359288 ], [ -71.26037724340965, 42.415275109929553 ], [ -71.260340803490934, 42.415272783383664 ], [ -71.260292403621676, 42.415270431918266 ], [ -71.260255961573165, 42.415268668009759 ], [ -71.26021952166262, 42.41526634142545 ], [ -71.260171123017784, 42.415263989911587 ], [ -71.260134678839691, 42.415262788628951 ], [ -71.26008628326008, 42.415259311748343 ], [ -71.260050228837329, 42.415255297907791 ], [ -71.260002413768049, 42.415249008858503 ], [ -71.259937901727525, 42.415240434289998 ], [ -71.259878482181705, 42.415190795492194 ], [ -71.259804121065855, 42.415126496094814 ], [ -71.259742442701238, 42.415021710972788 ], [ -71.259693007161601, 42.414942271471702 ], [ -71.259667624441079, 42.414878074232114 ], [ -71.259649869310067, 42.414854405067217 ], [ -71.259592314887598, 42.414763695188498 ], [ -71.259573931121608, 42.414705701900957 ], [ -71.259539003874821, 42.41460547388624 ], [ -71.259502020401953, 42.414496801529125 ], [ -71.259384799541337, 42.414321566516847 ], [ -71.259165749742237, 42.414017829835856 ], [ -71.259097474621584, 42.414000806882697 ], [ -71.259036424486908, 42.413980985670918 ], [ -71.258961688111825, 42.413965637116029 ], [ -71.258900450673295, 42.41394525277061 ], [ -71.258846158195013, 42.413945139025579 ], [ -71.258764473146059, 42.413960159904704 ], [ -71.258703424089589, 42.413939775849109 ], [ -71.258642376287241, 42.413919391763599 ], [ -71.258587933011029, 42.413909149539691 ], [ -71.258656064102922, 42.41386427891112 ], [ -71.258703770139405, 42.413849186876206 ], [ -71.25876604988936, 42.413845378747432 ], [ -71.258838600468621, 42.413836528085923 ], [ -71.258929252811839, 42.413809709889307 ], [ -71.258953617202692, 42.413742803314967 ], [ -71.258978052988184, 42.413706843676621 ], [ -71.258972182359329, 42.413653377831572 ], [ -71.258936248607185, 42.413568339559603 ], [ -71.258954778803727, 42.413438401834966 ], [ -71.258883476547069, 42.413120344488156 ], [ -71.25896344915266, 42.412758153128536 ], [ -71.259127534060269, 42.412490103495841 ], [ -71.259140775038986, 42.412203732617769 ], [ -71.259095751070006, 42.411914426428332 ], [ -71.258997218405497, 42.411668896362848 ], [ -71.258931812488214, 42.411447630367974 ], [ -71.258832720524225, 42.411348955642829 ], [ -71.25884225694567, 42.411287644674559 ], [ -71.258800011886152, 42.411265049374691 ], [ -71.258739954654359, 42.411184461783485 ], [ -71.258650075610618, 42.41100984584795 ], [ -71.258626292121633, 42.410875317998673 ], [ -71.258596931426695, 42.410660316722094 ], [ -71.258592039130662, 42.410400915871485 ], [ -71.258606116972018, 42.409846153328722 ], [ -71.258680509357887, 42.409353973520112 ], [ -71.258766432678598, 42.408973226360871 ], [ -71.258803422714678, 42.408780870886012 ], [ -71.25888891553555, 42.408562171546237 ], [ -71.259155408123519, 42.408365795188224 ], [ -71.259445951042522, 42.40823361282628 ], [ -71.259777414050916, 42.407972663792208 ], [ -71.259900184908915, 42.407733222697843 ], [ -71.259988816121464, 42.407586550775605 ], [ -71.259967573919198, 42.407382257344644 ], [ -71.259814066951321, 42.407218762819674 ], [ -71.259881549992159, 42.406843040196641 ], [ -71.260092490910978, 42.406377589476364 ], [ -71.260215266513839, 42.405985664416868 ], [ -71.260437549533194, 42.405430772079796 ], [ -71.26040622675076, 42.404981696156348 ], [ -71.26007586400155, 42.404658035198082 ], [ -71.260041168771309, 42.404597757149446 ], [ -71.260024142125332, 42.404533014575257 ], [ -71.26000684265378, 42.404490215565147 ], [ -71.25997798261551, 42.404442891078169 ], [ -71.259943459991788, 42.404387114718013 ], [ -71.259940966634531, 42.404294268935139 ], [ -71.259962533760728, 42.404262804393632 ], [ -71.259975960428989, 42.404225696166598 ], [ -71.259999328560667, 42.404170040555265 ], [ -71.260011102843677, 42.404118299451504 ], [ -71.260046238024543, 42.404062668369214 ], [ -71.260063771021493, 42.403994059159878 ], [ -71.260075609323877, 42.403925438073792 ], [ -71.260099158869266, 42.403821955845373 ], [ -71.26011684919267, 42.40376178700631 ], [ -71.260134490347554, 42.403714559477486 ], [ -71.260146279388479, 42.403658879693566 ], [ -71.260163829253145, 42.403585769135802 ], [ -71.26022236249996, 42.403466042344 ], [ -71.26026896840672, 42.403388490945375 ], [ -71.260280742323459, 42.403336749804517 ], [ -71.260281002791189, 42.403268104567822 ], [ -71.260281263258349, 42.403199459329997 ], [ -71.2602932918862, 42.403130838605939 ], [ -71.260305065735139, 42.403079097459454 ], [ -71.260305358196703, 42.403002012229805 ], [ -71.260299687608409, 42.402945733381245 ], [ -71.260317360418682, 42.402890065826426 ], [ -71.260314835961807, 42.402755019675695 ], [ -71.260274492530101, 42.402732991490659 ], [ -71.260251228203401, 42.402711561546973 ], [ -71.260274654791431, 42.402690228878214 ], [ -71.260326947716138, 42.402664454968544 ], [ -71.260361779202526, 42.402638644672507 ], [ -71.260396673463688, 42.402595954384168 ], [ -71.260373680951645, 42.402553143554606 ], [ -71.260356349770959, 42.402518784566617 ], [ -71.260315928903125, 42.402466934700485 ], [ -71.260298756463698, 42.402441016090201 ], [ -71.260281408274906, 42.402411158417962 ], [ -71.260258416828634, 42.402367784894956 ], [ -71.260217946100084, 42.402329438979123 ], [ -71.260183345393585, 42.402294481305191 ], [ -71.260131232163872, 42.402272991207298 ], [ -71.260050063295125, 42.402255941864823 ], [ -71.26003866552098, 42.402208653777606 ], [ -71.260027316919476, 42.402148424370232 ], [ -71.260027513541615, 42.402096659095712 ], [ -71.260028916005069, 42.402076968553352 ], [ -71.260220636155509, 42.400870439848681 ], [ -71.260249968753925, 42.400792852418796 ], [ -71.260285155761963, 42.400673076876444 ], [ -71.260314389998427, 42.400621372073282 ], [ -71.260360780277807, 42.400600087209618 ], [ -71.260401445378079, 42.400587230466307 ], [ -71.260430598404653, 42.400556906949802 ], [ -71.260465426554461, 42.400531659276048 ], [ -71.260494628583373, 42.400488394419206 ], [ -71.260494807753915, 42.400441130453743 ], [ -71.260483441970521, 42.400385402396367 ], [ -71.260489314268114, 42.400338150280163 ], [ -71.260477916511178, 42.400290862215058 ], [ -71.260472243879363, 42.40023514600523 ], [ -71.260472472128853, 42.400174940712276 ], [ -71.260496029945898, 42.400118722675366 ], [ -71.260501853152391, 42.400084411880584 ], [ -71.260502032316396, 42.400037147910631 ], [ -71.260484973512476, 42.399981407998325 ], [ -71.260473336059988, 42.399947060857308 ], [ -71.260485201748949, 42.399921202701734 ], [ -71.260502633793607, 42.399878476007615 ], [ -71.26051430997201, 42.399852617454236 ], [ -71.260531966800386, 42.399800888490418 ], [ -71.260549557493306, 42.399766602180094 ], [ -71.260561264402781, 42.399732303623473 ], [ -71.260573020341525, 42.399685063739092 ], [ -71.260607865009845, 42.399655314686235 ], [ -71.26062545562111, 42.399621028363171 ], [ -71.260637211491201, 42.399573788471024 ], [ -71.260660498456929, 42.399538951320899 ], [ -71.260678089007271, 42.399504664988861 ], [ -71.260701485528216, 42.399440569174949 ], [ -71.260713160329772, 42.399414710596226 ], [ -71.260736428017978, 42.399384937427087 ], [ -71.260759728559023, 42.399346161587957 ], [ -71.260759892614104, 42.399302836274302 ], [ -71.26077166445252, 42.3992516577025 ], [ -71.260824019146597, 42.399208440884998 ], [ -71.260882207587656, 42.399178740267409 ], [ -71.260922887486245, 42.399161382001722 ], [ -71.260969244558908, 42.399148536882301 ], [ -71.26104462295136, 42.399140253383884 ], [ -71.261125932746509, 42.399119040720159 ], [ -71.261189733153472, 42.399110733090133 ], [ -71.261259211668602, 42.399106375902157 ], [ -71.261323012045295, 42.399098068198192 ], [ -71.261404306818903, 42.399080794002799 ], [ -71.26149122992085, 42.399080974213412 ], [ -71.261566623937014, 42.399068189038815 ], [ -71.261650706280378, 42.39906667522984 ], [ -71.261754927308402, 42.399109654056673 ], [ -71.261824418308663, 42.399152560904383 ], [ -71.261899422182225, 42.399243306138075 ], [ -71.261922269441726, 42.399324940682654 ], [ -71.261956546039599, 42.399445423151846 ], [ -71.261985245396204, 42.399535509848114 ], [ -71.261990852375064, 42.399608668647986 ], [ -71.262002252355103, 42.399655956573163 ], [ -71.262001881434983, 42.399754423189876 ], [ -71.262001557143876, 42.399840511144326 ], [ -71.262053407141536, 42.399931208367278 ], [ -71.262076369268712, 42.399982458885397 ], [ -71.262116740050914, 42.400047249486967 ], [ -71.262145427143423, 42.400090071764531 ], [ -71.2621917317948, 42.400141933177501 ], [ -71.2622437135919, 42.400197744996539 ], [ -71.26231299969848, 42.40024515247692 ], [ -71.262370914179584, 42.400288035065792 ], [ -71.262428670087431, 42.400323039908066 ], [ -71.262515498510766, 42.400348539325833 ], [ -71.262602515591794, 42.400374601737674 ], [ -71.26266625366199, 42.400383173280346 ], [ -71.262718412685942, 42.400392283581425 ], [ -71.262787875603351, 42.400392426802014 ], [ -71.262863173773439, 42.400405523431623 ], [ -71.262915351847241, 42.400409569646669 ], [ -71.262990681725697, 42.400414226198251 ], [ -71.263025523094001, 42.40043567944263 ], [ -71.263118092669799, 42.400448811473538 ], [ -71.263164575556601, 42.400453408521514 ], [ -71.263251516203638, 42.400449086069194 ], [ -71.263297936988394, 42.400419360026355 ], [ -71.26333856976008, 42.400414942239401 ], [ -71.263384927261029, 42.400402096150593 ], [ -71.263448777119734, 42.40038084594525 ], [ -71.263483763965397, 42.40036347507526 ], [ -71.26353605244303, 42.400337699691491 ], [ -71.26356498067355, 42.400316377651393 ], [ -71.263611591915208, 42.400286651873003 ], [ -71.263646451110247, 42.400252400571375 ], [ -71.263687180560396, 42.400222100009678 ], [ -71.263739484781468, 42.400192385870724 ], [ -71.263814959598463, 42.400158217905101 ], [ -71.26389037125125, 42.400140929880372 ], [ -71.263977295817654, 42.400141108212878 ], [ -71.26402377732613, 42.400145704911672 ], [ -71.264110669172993, 42.400154323136285 ], [ -71.264145512435519, 42.400124573015887 ], [ -71.264192107347711, 42.400098785663161 ], [ -71.264238512735517, 42.40007299790318 ], [ -71.264273372687811, 42.400038746412548 ], [ -71.264314133184513, 42.40000000563181 ], [ -71.264343281965139, 42.399970243786832 ], [ -71.264389718671495, 42.399936015969317 ], [ -71.264424612034162, 42.399892761769451 ], [ -71.264471317833284, 42.399837152983054 ], [ -71.264511963614751, 42.399828796113965 ], [ -71.264587375898657, 42.3998115076338 ], [ -71.264656886388465, 42.399798708398976 ], [ -71.264709286194517, 42.399743111161236 ], [ -71.26476449202741, 42.399698210379228 ], [ -71.264828340711688, 42.399676959405205 ], [ -71.264868956147183, 42.399677042408733 ], [ -71.264950250696387, 42.399659765710844 ], [ -71.265008232265231, 42.39963400128606 ], [ -71.265031735625996, 42.399591286309175 ], [ -71.265043504938362, 42.399539544635687 ], [ -71.265055305616841, 42.39947936296349 ], [ -71.26504966162517, 42.399415206974972 ], [ -71.26506729788295, 42.39936797864263 ], [ -71.265090643878949, 42.399316260597985 ], [ -71.265108296813608, 42.399264530926345 ], [ -71.265120063910629, 42.399213351907584 ], [ -71.265149278000919, 42.399166147193974 ], [ -71.265201677726296, 42.399109987054956 ], [ -71.265242421099174, 42.399024544229327 ], [ -71.26532372933714, 42.399003328599441 ], [ -71.265376001313456, 42.398981491037539 ], [ -71.265457324072642, 42.398956336647338 ], [ -71.265550021440376, 42.398934581401626 ], [ -71.265654532036905, 42.398900471384017 ], [ -71.265747464633918, 42.398866337700824 ], [ -71.265805397179875, 42.398853514200574 ], [ -71.265933251529233, 42.398819451440417 ], [ -71.266055048033905, 42.398780874855198 ], [ -71.266194271397652, 42.398751336286423 ], [ -71.266275658061232, 42.398708738652694 ], [ -71.26636859004104, 42.398674604466471 ], [ -71.266449820285189, 42.398623003658606 ], [ -71.266502234176102, 42.398562904256764 ], [ -71.266566224573339, 42.398502828317028 ], [ -71.26662461628986, 42.398416858126964 ], [ -71.266682946329468, 42.39829656485864 ], [ -71.266744238778102, 42.398195971043826 ], [ -71.266767501963344, 42.398166196645043 ], [ -71.266785105435716, 42.398127408035933 ], [ -71.266837566355818, 42.398054367140929 ], [ -71.266849300682665, 42.398011627931417 ], [ -71.266872629325746, 42.397964410845169 ], [ -71.266907486688623, 42.397930158540156 ], [ -71.266954126591997, 42.397891428722282 ], [ -71.266983085753282, 42.397861103143882 ], [ -71.267012263415126, 42.397822900607721 ], [ -71.267041426519157, 42.39778863673083 ], [ -71.267099454439446, 42.397749929909473 ], [ -71.267209718144244, 42.397750153047539 ], [ -71.267290789010772, 42.397741314306629 ], [ -71.267418275629566, 42.397754513507884 ], [ -71.267557542743191, 42.397763797670628 ], [ -71.267650078310183, 42.397785366065897 ], [ -71.267719633913259, 42.397811389364897 ], [ -71.267817958078709, 42.397858852171488 ], [ -71.267881568222933, 42.397901743500917 ], [ -71.267945192919655, 42.397940696127755 ], [ -71.267974120009725, 42.397970576020761 ], [ -71.268031908741335, 42.397996575400093 ], [ -71.268089857235566, 42.398031015135139 ], [ -71.268159175106831, 42.398069979116585 ], [ -71.268234536412947, 42.398117395291806 ], [ -71.268280686936407, 42.398160251226962 ], [ -71.268315164843614, 42.398228966498422 ], [ -71.26834388714876, 42.398315112966081 ], [ -71.26836115756727, 42.398366913451042 ], [ -71.268366534892039, 42.398453012910252 ], [ -71.268366361611115, 42.398500276908678 ], [ -71.2683604953707, 42.398547529445835 ], [ -71.268354485873516, 42.398581840265713 ], [ -71.268371694488764, 42.398650520744596 ], [ -71.268412151307388, 42.398693365158643 ], [ -71.26845240341612, 42.398740710512094 ], [ -71.268545208529517, 42.39874089723228 ], [ -71.268620600713604, 42.398728107435751 ], [ -71.268672806613509, 42.398724273709533 ], [ -71.268748167859798, 42.398719923828708 ], [ -71.268829427178318, 42.398711647053126 ], [ -71.268933826572365, 42.398707355387288 ], [ -71.269009202180598, 42.398699066669103 ], [ -71.269090430591675, 42.398699229708633 ], [ -71.269159908109799, 42.398694867750528 ], [ -71.269235301329246, 42.398682077553616 ], [ -71.269328137173659, 42.398673823642937 ], [ -71.269392046955829, 42.398635127466463 ], [ -71.269502325953908, 42.398579644029653 ], [ -71.269595208807615, 42.398558448570299 ], [ -71.269673692513905, 42.398530472164097 ], [ -71.269737474798291, 42.398526661127761 ], [ -71.269777900019392, 42.39852674201979 ], [ -71.269824429960238, 42.398517832377678 ], [ -71.269853528322272, 42.398501010460762 ], [ -71.269888337231706, 42.398479698590954 ], [ -71.26992901420796, 42.398462337139534 ], [ -71.269969502894895, 42.398444975297288 ], [ -71.270004501215936, 42.398423663770878 ], [ -71.270033646591457, 42.398393900474339 ], [ -71.270068502478736, 42.398359647215635 ], [ -71.270085882570712, 42.398329297723187 ], [ -71.270115092545353, 42.398282091740093 ], [ -71.270149916407448, 42.398256278454006 ], [ -71.270184898189839, 42.398239468205475 ], [ -71.270241135827035, 42.398222700392765 ], [ -71.270242846845392, 42.398222141138582 ], [ -71.270416893317275, 42.398218549851478 ], [ -71.27054442855075, 42.398218804253283 ], [ -71.270927050577939, 42.398215065276872 ], [ -71.271118353421073, 42.398215445978494 ], [ -71.271332793085051, 42.398220373711666 ], [ -71.271483468406771, 42.398224611753371 ], [ -71.271685132472271, 42.398246393579292 ], [ -71.271778848904404, 42.398256707575413 ], [ -71.271889214818245, 42.398281683943907 ], [ -71.272595232086871, 42.398489018955125 ], [ -71.272665153265862, 42.398519541342701 ], [ -71.272780958711508, 42.398562533062297 ], [ -71.272879333151892, 42.398597050198411 ], [ -71.272966162611567, 42.398623104410206 ], [ -71.274285198089274, 42.399043763782593 ], [ -71.274795873348268, 42.399216378954506 ], [ -71.27487624504505, 42.399244107090034 ], [ -71.274906194806221, 42.39925429375387 ], [ -71.274948054619088, 42.399278007798983 ], [ -71.274998817550383, 42.399306240603195 ], [ -71.275097012085268, 42.399391958500843 ], [ -71.275140160064936, 42.399480382104947 ], [ -71.275197960415696, 42.39955758090786 ], [ -71.275185979891134, 42.399617763246397 ], [ -71.275185765653418, 42.399677968572703 ], [ -71.275185611482087, 42.399721293900456 ], [ -71.275162244345182, 42.399780891315878 ], [ -71.275104098531358, 42.399853924847001 ], [ -71.275057231784629, 42.399957364603829 ], [ -71.275016346785662, 42.400086136206234 ], [ -71.274923020494157, 42.400231685336131 ], [ -71.274899575948822, 42.400313226687409 ], [ -71.274858591143271, 42.400416677860186 ], [ -71.274846831704949, 42.400467857858324 ], [ -71.274817424915071, 42.400571331667607 ], [ -71.274793918720874, 42.400669752982338 ], [ -71.274735429699533, 42.400785548591251 ], [ -71.274714945051954, 42.40083502347909 ], [ -71.27466848116525, 42.400878258117324 ], [ -71.274633596273944, 42.400920952745025 ], [ -71.274621880719906, 42.400959754052963 ], [ -71.274598383329391, 42.401002470973182 ], [ -71.274592535567081, 42.401045785134308 ], [ -71.274551766638865, 42.401088468209295 ], [ -71.274487720958064, 42.401165428543251 ], [ -71.274452879979606, 42.401195744452899 ], [ -71.274394727412101, 42.401217011923464 ], [ -71.274313608861632, 42.401238234322697 ], [ -71.274278610435104, 42.401259547145479 ], [ -71.274237932853595, 42.401276910122981 ], [ -71.274203077616903, 42.401311164620815 ], [ -71.274145128430192, 42.401328493672004 ], [ -71.274098583743566, 42.401340781051225 ], [ -71.274023127161172, 42.401371017086063 ], [ -71.2739768013071, 42.401375427461495 ], [ -71.273907070061, 42.401396671941264 ], [ -71.273843206578036, 42.401422429274007 ], [ -71.273808414712548, 42.401439240997007 ], [ -71.273790844847213, 42.401469590654294 ], [ -71.273761919537691, 42.401490915258286 ], [ -71.273721242466223, 42.401507715383559 ], [ -71.273680518211421, 42.40153801948864 ], [ -71.273668786633067, 42.401580759355866 ], [ -71.273680256173009, 42.401611166110463 ], [ -71.27369758023643, 42.401649461761693 ], [ -71.273726227532364, 42.401705785125458 ], [ -71.273743336031174, 42.401804286062607 ], [ -71.2737199949797, 42.401856005828321 ], [ -71.273711087636883, 42.40190550329342 ], [ -71.273699339886832, 42.401952744490252 ], [ -71.273716395963675, 42.402012983747213 ], [ -71.273774351235204, 42.402047420585745 ], [ -71.273832192407895, 42.402060475702164 ], [ -71.273895917589215, 42.402073542351317 ], [ -71.273948067545348, 42.402086023556031 ], [ -71.273994521014686, 42.402099056218972 ], [ -71.274063580687198, 42.402106506550226 ], [ -71.273970645804553, 42.402141209589111 ], [ -71.273878754153529, 42.402149469103328 ], [ -71.273681708591354, 42.402106318785826 ], [ -71.273542618489429, 42.402097605085309 ], [ -71.273449716421084, 42.402122742375084 ], [ -71.27335669412507, 42.402234530565508 ], [ -71.273286886208112, 42.402277155984336 ], [ -71.273182341825972, 42.402320275565742 ], [ -71.273077954137904, 42.402320069755937 ], [ -71.273042944073012, 42.402397086525859 ], [ -71.27294960780533, 42.402543196643784 ], [ -71.272995737916091, 42.402646256296237 ], [ -71.272971866748307, 42.402792503440416 ], [ -71.272971500761344, 42.40289434601209 ], [ -71.272971310690295, 42.402947236628471 ], [ -71.272889649364785, 42.403118689868684 ], [ -71.272784796932385, 42.403247334329201 ], [ -71.272737989900676, 42.403385096064284 ], [ -71.272726098209361, 42.403419395451806 ], [ -71.272563572819237, 42.403487720086233 ], [ -71.272261674862037, 42.403624414489357 ], [ -71.272273035382966, 42.403684642666228 ], [ -71.272261240789817, 42.403744825017341 ], [ -71.272179849647401, 42.403787989499925 ], [ -71.27209836705147, 42.403856473894294 ], [ -71.272086447218996, 42.403950978847647 ], [ -71.272016484913905, 42.404088131737183 ], [ -71.271934938784014, 42.404174058655599 ], [ -71.271790850078702, 42.404286869658257 ], [ -71.271748782805247, 42.404319983752124 ], [ -71.271574614108545, 42.404405163985956 ], [ -71.271307598791225, 42.404499162193254 ], [ -71.271086988572918, 42.404567369285004 ], [ -71.270831610814611, 42.404644509439095 ], [ -71.270622483342436, 42.404738621324022 ], [ -71.270437169720012, 42.404703928924349 ], [ -71.270182447676106, 42.404600451895988 ], [ -71.269997038219103, 42.404539875775463 ], [ -71.269857820283889, 42.404564917579684 ], [ -71.269799616785875, 42.404650889664737 ], [ -71.269764317607326, 42.404753787645298 ], [ -71.269729205763781, 42.404857248657578 ], [ -71.269647563207855, 42.404968493901798 ], [ -71.269589389835375, 42.405046025885525 ], [ -71.269491606260758, 42.405158926705312 ], [ -71.269424826419041, 42.405306212427917 ], [ -71.269424378717758, 42.405428873561213 ], [ -71.269402063384973, 42.405510415974618 ], [ -71.269423840652436, 42.405576291982761 ], [ -71.269522851826949, 42.405699152348923 ], [ -71.269688643313785, 42.405674726807376 ], [ -71.269854423507184, 42.405601348730109 ], [ -71.269954328909847, 42.405478886468323 ], [ -71.270186541039564, 42.405405640694433 ], [ -71.270484459004749, 42.405479945016836 ], [ -71.270848442300576, 42.405603332413548 ], [ -71.271212070405696, 42.405825185156807 ], [ -71.271542763382939, 42.406022213885777 ], [ -71.271508390712157, 42.406341742039984 ], [ -71.271506703550315, 42.40680819183973 ], [ -71.271604477728602, 42.407274839029093 ], [ -71.271769119087367, 42.407570004511435 ], [ -71.271966613039908, 42.407913624411492 ], [ -71.272197413455459, 42.408233677758581 ], [ -71.272279730460227, 42.408356502607525 ], [ -71.272490381600619, 42.408737846414013 ], [ -71.272700646522139, 42.409016220549205 ], [ -71.272840613878358, 42.409207804472736 ], [ -71.272875197753876, 42.409355854750189 ], [ -71.272956481197724, 42.409555762722228 ], [ -71.27303804616605, 42.409677460161049 ], [ -71.273002741913814, 42.409729718767771 ], [ -71.272932382822034, 42.409764465458188 ], [ -71.272873447763899, 42.409842560180493 ], [ -71.272873166549132, 42.409920770643225 ], [ -71.272978425227578, 42.409999189345214 ], [ -71.273071819703702, 42.410104030005883 ], [ -71.273281528602624, 42.410486495662681 ], [ -71.273444597928204, 42.410747895246388 ], [ -71.27354901754363, 42.411060944742971 ], [ -71.273581864693114, 42.411433425002535 ], [ -71.273462827040305, 42.411656802532391 ] ], [ [ -71.270485049548356, 42.399466126790095 ], [ -71.270299564080972, 42.399482636776341 ], [ -71.270102125090943, 42.399550888278974 ], [ -71.270067143651218, 42.399619464196476 ], [ -71.269811596028376, 42.399748367492585 ], [ -71.269567314335944, 42.399962256040205 ], [ -71.269299969621883, 42.400150777649188 ], [ -71.269009058604098, 42.400399457073519 ], [ -71.268822972097112, 42.400579700599003 ], [ -71.268660164249226, 42.400725667721908 ], [ -71.268532436373633, 42.400776613870875 ], [ -71.268381644066494, 42.400750990266516 ], [ -71.268242621662111, 42.400724827500234 ], [ -71.268114986384901, 42.400750453200494 ], [ -71.268103190446638, 42.400810072501514 ], [ -71.268021610170166, 42.400904999375044 ], [ -71.267870378775029, 42.401050426042765 ], [ -71.267684382281473, 42.40120478505181 ], [ -71.267463272255128, 42.40141083848215 ], [ -71.267323489123868, 42.401590610449198 ], [ -71.267241496218915, 42.401796944659964 ], [ -71.267136507977227, 42.401959906652763 ], [ -71.266962179756206, 42.402088405247639 ], [ -71.266834510058146, 42.402122469512321 ], [ -71.266567813341709, 42.402130931520979 ], [ -71.266300642780152, 42.402215915117111 ], [ -71.266184262387341, 42.40232765009479 ], [ -71.266114447386471, 42.402422036828568 ], [ -71.26596330177351, 42.402542140966553 ], [ -71.26582348210502, 42.402679148062312 ], [ -71.265776789661786, 42.40278202169327 ], [ -71.265834929882928, 42.402765259912734 ], [ -71.2660088496322, 42.402748170923097 ], [ -71.266159612444909, 42.402731597285133 ], [ -71.266356939903517, 42.402697675226797 ], [ -71.266565813332733, 42.402672216307465 ], [ -71.266728058478691, 42.402680985380421 ], [ -71.266855633845211, 42.402672803877223 ], [ -71.266983368977819, 42.402621296944993 ], [ -71.267157254840441, 42.402613208876659 ], [ -71.2673081132654, 42.40262195409084 ], [ -71.267482156474614, 42.402571102909199 ], [ -71.267679768260095, 42.402459530659947 ], [ -71.267796113163556, 42.402356796831924 ], [ -71.267923846891591, 42.40230528885229 ], [ -71.268295561200674, 42.402125420768101 ], [ -71.268515976417348, 42.402057218607609 ], [ -71.268794848241228, 42.401937367824672 ], [ -71.268980529379505, 42.401869094978451 ], [ -71.269015577244886, 42.401834842446647 ], [ -71.269201102836803, 42.401809331878098 ], [ -71.269433062943534, 42.401801356842967 ], [ -71.269514264549784, 42.401809959575772 ], [ -71.269664460064362, 42.401948114552923 ], [ -71.269698941541009, 42.402016829347708 ], [ -71.269803079807716, 42.402085683500971 ], [ -71.269849359328106, 42.402094216128624 ], [ -71.269919109100087, 42.402068472780968 ], [ -71.269942388606808, 42.402034196437974 ], [ -71.269954121573505, 42.401991456952246 ], [ -71.269954277286288, 42.401948694320275 ], [ -71.269826986679675, 42.401879231321665 ], [ -71.269722849941672, 42.401810377189051 ], [ -71.269595557815748, 42.401741476598353 ], [ -71.26943340792846, 42.401706828916247 ], [ -71.269294444628599, 42.401663787439716 ], [ -71.269201949719971, 42.40157751338932 ], [ -71.26916756237695, 42.401482915787916 ], [ -71.269214155850051, 42.40140536073347 ], [ -71.269214501160079, 42.401310832798508 ], [ -71.269272984339025, 42.401199541338336 ], [ -71.269331406407943, 42.40105336415634 ], [ -71.269390108903835, 42.40088186733152 ], [ -71.269588056093184, 42.400623998126974 ], [ -71.26978571837175, 42.400495542217989 ], [ -71.270006378451583, 42.400410457567446 ], [ -71.270192055844433, 42.400341620076695 ], [ -71.270505334975425, 42.400307922426883 ], [ -71.270818300992474, 42.400308546202353 ], [ -71.270945652765391, 42.400360565471068 ], [ -71.270992275671475, 42.400326335370494 ], [ -71.270957666245423, 42.400240177896208 ], [ -71.270946338195813, 42.400171509543114 ], [ -71.270900278254814, 42.400102772040249 ], [ -71.270877559922454, 42.399982315308343 ], [ -71.270831498478074, 42.399861812079394 ], [ -71.270820452301422, 42.399715495728231 ], [ -71.270762908710651, 42.399620852441188 ], [ -71.270681928271983, 42.39955204526477 ], [ -71.270647541030925, 42.39945744806306 ], [ -71.270485049548356, 42.399466126790095 ] ], [ [ -71.270429648143462, 42.411422187551089 ], [ -71.270264121432092, 42.411421857250147 ], [ -71.269998849220869, 42.411445522183968 ], [ -71.269899381299112, 42.411445323356631 ], [ -71.269700544715718, 42.411469683080611 ], [ -71.269568046712848, 42.41146941786689 ], [ -71.269402239982554, 42.411493843204092 ], [ -71.269335722402516, 42.411567419550565 ], [ -71.269235985013253, 42.41164092925343 ], [ -71.269136348486228, 42.411738633839192 ], [ -71.269102768849905, 42.411837033551571 ], [ -71.26903580205834, 42.412033270657929 ], [ -71.26893561488761, 42.412229441025751 ], [ -71.26900151570635, 42.412376992577876 ], [ -71.269199994415303, 42.412451100403985 ], [ -71.269332406120938, 42.412475560627115 ], [ -71.269531065349696, 42.412500716046438 ], [ -71.269597045963508, 42.412574557779678 ], [ -71.26966312802864, 42.412672594438362 ], [ -71.26979517946917, 42.412796083125976 ], [ -71.269860803993396, 42.412967828367691 ], [ -71.270125536822434, 42.413042067045083 ], [ -71.270291347334023, 42.413017640674269 ], [ -71.270457336824023, 42.412944262234006 ], [ -71.270656086648771, 42.41294465845715 ], [ -71.27078849790982, 42.412969679666794 ], [ -71.270854580194523, 42.413068278296471 ], [ -71.270920298881563, 42.413215265677216 ], [ -71.271118959851876, 42.413240418348529 ], [ -71.271251461573186, 42.413240681776095 ], [ -71.271417182578176, 42.413241011032461 ], [ -71.271516653330153, 42.413241208547497 ], [ -71.2716492445564, 42.413216714269176 ], [ -71.271682717675986, 42.413094118884651 ], [ -71.271617088070897, 42.412922374687859 ], [ -71.271617531570598, 42.412799713766113 ], [ -71.271584946426174, 42.412676424626234 ], [ -71.27148583075126, 42.412578323493392 ], [ -71.2712544854367, 42.412405687245545 ], [ -71.271122340215541, 42.412307520139102 ], [ -71.271023405327625, 42.412159904091304 ], [ -71.270990733128713, 42.412061372021064 ], [ -71.270958045755393, 42.411914450378916 ], [ -71.270958670067031, 42.411742274917266 ], [ -71.270992244724241, 42.411644437326814 ], [ -71.271025808028796, 42.41149708482925 ], [ -71.270893490768316, 42.411447306627508 ], [ -71.270794110633318, 42.411422913980125 ], [ -71.270595454288951, 42.411397760733621 ], [ -71.270429648143462, 42.411422187551089 ] ], [ [ -71.261717515120239, 42.406815346864427 ], [ -71.261680276211379, 42.406824835138799 ], [ -71.261644176760967, 42.40683432576121 ], [ -71.261598386956891, 42.406846046977208 ], [ -71.261564563083837, 42.406856104958599 ], [ -71.2615197147164, 42.40687007877316 ], [ -71.261486455089724, 42.406881263240514 ], [ -71.261453195451182, 42.406892447698262 ], [ -71.261414803326076, 42.406905872184986 ], [ -71.261347954517021, 42.407015454186698 ], [ -71.261141777658722, 42.407227152945872 ], [ -71.261122047428913, 42.407375094142338 ], [ -71.261154406512546, 42.407401044115943 ], [ -71.261181669257851, 42.40741966879748 ], [ -71.26121045264361, 42.407437733958012 ], [ -71.261239428895735, 42.407455236841606 ], [ -71.261267260215277, 42.407473862682153 ], [ -71.261292621256842, 42.407493608731372 ], [ -71.261314176347341, 42.407515597560078 ], [ -71.261331547682317, 42.407539828386859 ], [ -71.261347015135399, 42.407565743271796 ], [ -71.261369671494805, 42.407597862428496 ], [ -71.261400513506814, 42.407623809185246 ], [ -71.261439729466872, 42.407643583925918 ], [ -71.261472136772724, 42.407657155174157 ], [ -71.261506258477425, 42.407669041956979 ], [ -71.261541528175485, 42.407678680429505 ], [ -71.261577181150045, 42.407687194345833 ], [ -71.261612460270783, 42.407694019467527 ], [ -71.261658574510307, 42.407696928331241 ], [ -71.26169390458648, 42.407690249460508 ], [ -71.261729627621861, 42.40768019537429 ], [ -71.261774833410612, 42.407672411586084 ], [ -71.261811650141254, 42.407674175802306 ], [ -71.261857243418348, 42.407664142104935 ], [ -71.261889373604902, 42.407650704515994 ], [ -71.26192074543242, 42.407636702679483 ], [ -71.261951927736931, 42.407622700442339 ], [ -71.261981787394987, 42.40760700745205 ], [ -71.262009945387149, 42.407589622925762 ], [ -71.262039811373526, 42.407572241924292 ], [ -71.262070437808461, 42.407554862487267 ], [ -71.262099927767309, 42.407536355353258 ], [ -71.262134001964441, 42.407510542980724 ], [ -71.262158026975428, 42.40748189648076 ], [ -71.262170676843496, 42.407449287779833 ], [ -71.262175931291011, 42.407414975785052 ], [ -71.262176414102115, 42.40738740596575 ], [ -71.262174430875746, 42.407359831049945 ], [ -71.262171309075981, 42.407331691111182 ], [ -71.262167429246631, 42.407303549605544 ], [ -71.262163736810336, 42.407275971156622 ], [ -71.262160993131658, 42.407248394668223 ], [ -71.262156761835669, 42.407212937728353 ], [ -71.2621521173226, 42.407185919980492 ], [ -71.262145955537449, 42.407158899096274 ], [ -71.26213808364102, 42.407132437346661 ], [ -71.262124925484684, 42.407098087292631 ], [ -71.262114395641944, 42.407071620046842 ], [ -71.262103106563941, 42.407045151230406 ], [ -71.262090866625371, 42.4070192431167 ], [ -71.262076917487974, 42.40699333146781 ], [ -71.26205463909551, 42.406961775897337 ], [ -71.262027222815988, 42.406933585716565 ], [ -71.262003003360562, 42.406913279517717 ], [ -71.26197612172551, 42.406894093146995 ], [ -71.261947338368458, 42.406876028175603 ], [ -71.261916842796353, 42.40685908499421 ], [ -71.261885203529175, 42.40684326477782 ], [ -71.261852985152188, 42.406830256703316 ], [ -71.261809950931493, 42.406816100894062 ], [ -71.261765750891186, 42.406809257362916 ], [ -71.261717515120239, 42.406815346864427 ] ], [ [ -71.271083960381787, 42.413731558551937 ], [ -71.270884939501173, 42.413804872134207 ], [ -71.27078645972361, 42.413949844572073 ], [ -71.270820108311412, 42.413988735718902 ], [ -71.270920314000776, 42.414048578089442 ], [ -71.270975262694975, 42.414076820878392 ], [ -71.271016374384004, 42.414099409425724 ], [ -71.271181831834141, 42.414173448084995 ], [ -71.271418081176222, 42.414146909435743 ], [ -71.271461583029421, 42.414138555794771 ], [ -71.271506829696165, 42.41412007756567 ], [ -71.271567074603965, 42.414101629087654 ], [ -71.27165244323956, 42.414064662361262 ], [ -71.271722855410189, 42.414016412534522 ], [ -71.271768196650484, 42.413972051631653 ], [ -71.271782163854184, 42.41394169522011 ], [ -71.271786666495217, 42.413904005347455 ], [ -71.271781076652431, 42.413874735492428 ], [ -71.27175248860506, 42.413800969204168 ], [ -71.271727558972685, 42.413765471634633 ], [ -71.271690050275396, 42.413744015824278 ], [ -71.271481745302523, 42.413707591623641 ], [ -71.271183521589435, 42.413706999109905 ], [ -71.271083960381787, 42.413731558551937 ] ], [ [ -71.271635379061536, 42.39883203507177 ], [ -71.271542325581834, 42.398900496174612 ], [ -71.271449238118819, 42.398977959864823 ], [ -71.271425773273364, 42.399064001866229 ], [ -71.271460319401967, 42.399115273517388 ], [ -71.271552876860795, 42.399184103138182 ], [ -71.271784422577454, 42.399288094014004 ], [ -71.271900352750336, 42.399296763949721 ], [ -71.271958645739375, 42.399236673737001 ], [ -71.272016747919309, 42.399176583116059 ], [ -71.272098161652735, 42.399125541370317 ], [ -71.272110079343477, 42.39903103630585 ], [ -71.272052315725489, 42.398944833275394 ], [ -71.271960010514164, 42.398858561761706 ], [ -71.271786129847086, 42.398815454047686 ], [ -71.271635379061536, 42.39883203507177 ] ] ] ] } },
{ "type": "Feature", "properties": { }, "geometry": { "type": "MultiPolygon", "coordinates": [ [ [ [ -71.267240449351902, 42.422635951085965 ], [ -71.267287731950745, 42.422633796013351 ], [ -71.267366488034668, 42.422643520550935 ], [ -71.267405158950751, 42.422659916055835 ], [ -71.267443829886886, 42.422676311547683 ], [ -71.267482690397301, 42.422692707409361 ], [ -71.267549079191582, 42.422709721518125 ], [ -71.267615528916778, 42.422709855684765 ], [ -71.267654245478028, 42.422713872511437 ], [ -71.267704163977001, 42.422717911931237 ], [ -71.267748576900217, 42.422721940221315 ], [ -71.267820395698493, 42.422759221160625 ], [ -71.267853371661872, 42.422775605027248 ], [ -71.267914354483764, 42.422816802726373 ], [ -71.267941906957532, 42.42286243434414 ], [ -71.267947292643001, 42.422895079917893 ], [ -71.267936116049015, 42.422940070788407 ], [ -71.267919303025778, 42.422968732935757 ], [ -71.267880480823962, 42.422993412029172 ], [ -71.26782988258816, 42.42301919269385 ], [ -71.267786205275883, 42.423021917930029 ], [ -71.267708597550055, 42.423009382661427 ], [ -71.267664406246467, 42.422996914791185 ], [ -71.267636807515743, 42.422964224367874 ], [ -71.267603687505144, 42.422935461463673 ], [ -71.267553739848253, 42.4229392992874 ], [ -71.267525929942948, 42.422964000498403 ], [ -71.26748163184331, 42.42298022838586 ], [ -71.267437296632366, 42.422955381451921 ], [ -71.267426418894885, 42.422918786085404 ], [ -71.267387666023694, 42.422873131711405 ], [ -71.267343458296423, 42.422865165024369 ], [ -71.267310187137454, 42.422877476459838 ], [ -71.267254702809311, 42.422889742974846 ], [ -71.26719928068124, 42.422885129562665 ], [ -71.267132905459789, 42.422864739275262 ], [ -71.26710527679829, 42.422839926007917 ], [ -71.267105413740893, 42.422802790226491 ], [ -71.26710551956009, 42.422774094395159 ], [ -71.267116666809116, 42.422737543556309 ], [ -71.267116772623083, 42.4227088477245 ], [ -71.267144613694029, 42.422675706660172 ], [ -71.267208693008783, 42.422649390890733 ], [ -71.267240449351902, 42.422635951085965 ] ] ] ] } },
{ "type": "Feature", "properties": { }, "geometry": { "type": "MultiPolygon", "coordinates": [ [ [ [ -71.243853803902709, 42.409558806781135 ], [ -71.243810012541744, 42.409591344114588 ], [ -71.243626866919143, 42.409677024580937 ], [ -71.243508081431713, 42.409760034924389 ], [ -71.243458397108768, 42.409794809663097 ], [ -71.243338254701939, 42.409884568841427 ], [ -71.243116681778275, 42.410177225226775 ], [ -71.242991721968323, 42.410284416042622 ], [ -71.242808528027595, 42.410334646898391 ], [ -71.242587003750614, 42.410334714093139 ], [ -71.242413271804025, 42.410298877020821 ], [ -71.242239902972173, 42.410220840266689 ], [ -71.24212416882888, 42.410113673631614 ], [ -71.241998635645857, 42.409942340542258 ], [ -71.241834716345195, 42.409828313491396 ], [ -71.241680464574117, 42.409763822857983 ], [ -71.241401018633098, 42.40967823186898 ], [ -71.240957639156363, 42.409621530001552 ], [ -71.240716755196885, 42.409621549995116 ], [ -71.240639760857931, 42.409650072595717 ], [ -71.240581850115376, 42.409700019636411 ], [ -71.2404664778512, 42.409921451331094 ], [ -71.240399073999043, 42.409971939529889 ], [ -71.240293035646459, 42.410000396351776 ], [ -71.24021592265035, 42.410057614561474 ], [ -71.240235553961696, 42.410407639512691 ], [ -71.24012986043688, 42.410629092692986 ], [ -71.239821665911919, 42.410886098824825 ], [ -71.239648383162574, 42.410971795261318 ], [ -71.23927262536418, 42.411086291551662 ], [ -71.239045766005788, 42.411090841203453 ], [ -71.238867886297783, 42.411093813588728 ], [ -71.238520742348385, 42.411036758107372 ], [ -71.238347448079296, 42.410986849154533 ], [ -71.2379328144754, 42.410908819594162 ], [ -71.237855834379857, 42.410887262753619 ], [ -71.23782199005656, 42.410855113450246 ], [ -71.237894344583566, 42.410801824694865 ], [ -71.238279582465267, 42.410644028888242 ], [ -71.238404782111346, 42.410572854589724 ], [ -71.238568371678795, 42.41044437508247 ], [ -71.238809171989729, 42.41014389369856 ], [ -71.238866767163529, 42.409987039560562 ], [ -71.238953376299918, 42.409837003269686 ], [ -71.239030419195913, 42.409751089577057 ], [ -71.239290379638888, 42.409544053820206 ], [ -71.239425147592272, 42.409315352502546 ], [ -71.239463296754224, 42.408994154356755 ], [ -71.239636265173928, 42.408615306379637 ], [ -71.23967480405382, 42.40842971248285 ], [ -71.239674545602753, 42.408308175162844 ], [ -71.239626208755709, 42.408015477314763 ], [ -71.239568244581193, 42.407894372024522 ], [ -71.239384966543184, 42.40764413139798 ], [ -71.239336682724641, 42.407523047909429 ], [ -71.239336598542678, 42.407451588603884 ], [ -71.2394518677131, 42.407208776210538 ], [ -71.239509583040217, 42.406929822477331 ], [ -71.239567230155643, 42.406851179166338 ], [ -71.239913881890288, 42.406515486626994 ], [ -71.239990686308715, 42.406394123466463 ], [ -71.240019525659847, 42.406258585098222 ], [ -71.240067884757565, 42.406222683481509 ], [ -71.240298988713135, 42.406151183662367 ], [ -71.240424047789233, 42.406065377370645 ], [ -71.240530108308576, 42.406029605752238 ], [ -71.240655294181451, 42.40605126953421 ], [ -71.240809727660761, 42.406115199361174 ], [ -71.240973402227752, 42.406100938611225 ], [ -71.241117778205819, 42.40597916416047 ], [ -71.241503296714072, 42.40583655020221 ], [ -71.241589733593116, 42.405772037318457 ], [ -71.241686056751988, 42.405657468905993 ], [ -71.241820951835635, 42.405578997895852 ], [ -71.24200389841036, 42.405586160411033 ], [ -71.242206470184001, 42.40562150013848 ], [ -71.242360596036207, 42.405621282777354 ], [ -71.242832692381981, 42.405564384146345 ], [ -71.242958100890263, 42.405578168538781 ], [ -71.242996514109151, 42.405606950558685 ], [ -71.243025634585535, 42.405820830352447 ], [ -71.243121971605973, 42.40593526760464 ], [ -71.243382277420196, 42.406056822726505 ], [ -71.24352714961023, 42.406092031385377 ], [ -71.243787072909114, 42.406120744134903 ], [ -71.243864491372051, 42.406220509186362 ], [ -71.243873968923069, 42.40627060794322 ], [ -71.243854844272462, 42.406306013585308 ], [ -71.243748901726036, 42.406406495603697 ], [ -71.243681682366557, 42.406506501144428 ], [ -71.243652750307973, 42.406713499314876 ], [ -71.243662987309307, 42.407184477066217 ], [ -71.243643832588617, 42.407320600553632 ], [ -71.243538231467852, 42.40757019069784 ], [ -71.243374528964537, 42.40777745087469 ], [ -71.243374530858262, 42.407870291439856 ], [ -71.243432427047694, 42.407963261143102 ], [ -71.243750743731013, 42.408198604066229 ], [ -71.243847361893998, 42.408291659801684 ], [ -71.244040257266107, 42.408562733426344 ], [ -71.244107868611422, 42.408741250217162 ], [ -71.244098671722199, 42.409184050969017 ], [ -71.244069233234953, 42.409281890034535 ], [ -71.244040944359725, 42.409376918299174 ], [ -71.243964041234548, 42.409476902393244 ], [ -71.243853803902709, 42.409558806781135 ] ] ] ] } },
{ "type": "Feature", "properties": { }, "geometry": { "type": "MultiPolygon", "coordinates": [ [ [ [ -71.247568162595542, 42.41109297749103 ], [ -71.247571880098334, 42.411017587929059 ], [ -71.247585914526837, 42.410973167829013 ], [ -71.247577263572694, 42.41028781726947 ], [ -71.247581737684499, 42.410260818943527 ], [ -71.247588877005299, 42.410184311535083 ], [ -71.247594305976719, 42.410108363041786 ], [ -71.24766954318558, 42.410138912259569 ], [ -71.247705084947626, 42.410127736820677 ], [ -71.247743071596631, 42.410122193428762 ], [ -71.247796228184299, 42.410120621971181 ], [ -71.24786706251021, 42.410112899869446 ], [ -71.247922892902793, 42.410107395526019 ], [ -71.247991219428528, 42.410109795906592 ], [ -71.248049297269787, 42.410111611130979 ], [ -71.248120252739454, 42.410121331898345 ], [ -71.248206182988156, 42.410136149426805 ], [ -71.248261777795904, 42.410141897796535 ], [ -71.248315923539067, 42.410130200209778 ], [ -71.248363848283972, 42.410155625186796 ], [ -71.248398321144862, 42.410174268687456 ], [ -71.248443714634391, 42.410215442844574 ], [ -71.248461363515233, 42.410264433695396 ], [ -71.248491593796643, 42.410299947979517 ], [ -71.248522135456085, 42.410257251857473 ], [ -71.248529849257977, 42.410226884559684 ], [ -71.248550117514341, 42.41018979266795 ], [ -71.248570661577915, 42.41013131992851 ], [ -71.248591075726267, 42.4101054817408 ], [ -71.248618871805618, 42.410084723707712 ], [ -71.248654464859413, 42.410060606685924 ], [ -71.248662162903329, 42.410034178031239 ], [ -71.248713031083696, 42.409987587577447 ], [ -71.248735966200357, 42.409948250798109 ], [ -71.248761368648104, 42.409908919402561 ], [ -71.248783135089809, 42.409876894766661 ], [ -71.248832171299313, 42.409909074013576 ], [ -71.248832014701492, 42.409948460548755 ], [ -71.248813941754548, 42.410006376062853 ], [ -71.248806442243819, 42.410030554482574 ], [ -71.248740229543628, 42.410117061008307 ], [ -71.248694336781085, 42.410201361208102 ], [ -71.248640985370272, 42.410251884913194 ], [ -71.248607976419038, 42.410294575674854 ], [ -71.248579877542795, 42.410343466523919 ], [ -71.24862290688742, 42.410358752638764 ], [ -71.248678495213383, 42.410366188801078 ], [ -71.248741902957931, 42.410364639301712 ], [ -71.24879238147733, 42.410368125560979 ], [ -71.248856785000569, 42.41035476211092 ], [ -71.24885650091305, 42.410426220531221 ], [ -71.248835609300841, 42.410476815183983 ], [ -71.248718896864645, 42.410517072513969 ], [ -71.248671061700563, 42.410516968015564 ], [ -71.248595553426824, 42.41050667497057 ], [ -71.248533880508347, 42.410501476146642 ], [ -71.248451748366506, 42.410486104501082 ], [ -71.248417451393109, 42.410470837420547 ], [ -71.248355820083688, 42.410455510539045 ], [ -71.248301000999135, 42.410445262556145 ], [ -71.248232596704227, 42.410414728709419 ], [ -71.24815713124363, 42.410393744746983 ], [ -71.248088725859091, 42.41036321081171 ], [ -71.24798590375805, 42.410347793523329 ], [ -71.24791741889112, 42.410337515418433 ], [ -71.247835245469361, 42.410332271294607 ], [ -71.247773432465834, 42.410362519942616 ], [ -71.247745582850314, 42.410444045973669 ], [ -71.247745421080481, 42.410484557831808 ], [ -71.247751991802318, 42.410550404584924 ], [ -71.247765623854633, 42.410606701436407 ], [ -71.247785902269257, 42.410662450187864 ], [ -71.247765239680461, 42.410702917095115 ], [ -71.247765095895687, 42.410738927633489 ], [ -71.247778520508902, 42.410799725382581 ], [ -71.247785212607056, 42.410835188238039 ], [ -71.247805531545367, 42.410880809019453 ], [ -71.247819014627936, 42.41092697748126 ], [ -71.247825835637045, 42.410977632693722 ], [ -71.247791316153325, 42.411018069226472 ], [ -71.247743169762188, 42.411048347816497 ], [ -71.2477018951829, 42.41106907607525 ], [ -71.247653998916505, 42.411084163098778 ], [ -71.247568162595542, 42.41109297749103 ] ] ] ] } },
{ "type": "Feature", "properties": { }, "geometry": { "type": "MultiPolygon", "coordinates": [ [ [ [ -71.259469843074314, 42.4209027140598 ], [ -71.259398169417494, 42.420878932213157 ], [ -71.259338829489593, 42.420856864112892 ], [ -71.259329124396373, 42.420812955719157 ], [ -71.259398364469646, 42.420827729835004 ], [ -71.259517297153465, 42.420805471650759 ], [ -71.259577115800013, 42.420651988246846 ], [ -71.259627087759426, 42.420541809682177 ], [ -71.259666877759557, 42.420512634030025 ], [ -71.259795212155211, 42.420564104697696 ], [ -71.259864422114944, 42.42058675582372 ], [ -71.259903907383347, 42.420638040978538 ], [ -71.259873543545893, 42.420784271316727 ], [ -71.259764311208315, 42.420901641001002 ], [ -71.259625691569724, 42.420908666295539 ], [ -71.259469843074314, 42.4209027140598 ] ] ] ] } },
{ "type": "Feature", "properties": { }, "geometry": { "type": "MultiPolygon", "coordinates": [ [ [ [ -71.230392709844594, 42.41235472735351 ], [ -71.229928709512151, 42.412206726416265 ], [ -71.229925829091954, 42.412205750005967 ], [ -71.229925768420685, 42.41220526017166 ], [ -71.229887219872296, 42.412119643865644 ], [ -71.229675012705727, 42.411848501258426 ], [ -71.229607347284471, 42.41169135736024 ], [ -71.229655168927451, 42.41138425200505 ], [ -71.229741759795914, 42.411155448809431 ], [ -71.229828317540623, 42.410933960169075 ], [ -71.229895887915944, 42.410891355919581 ], [ -71.229953625398707, 42.410884176755609 ], [ -71.230030792314537, 42.410905739325962 ], [ -71.230262316580166, 42.411098152850421 ], [ -71.230560926844348, 42.411183815759642 ], [ -71.230667168290353, 42.41119813128298 ], [ -71.230753766476752, 42.411233782192035 ], [ -71.230792497887307, 42.411276635742581 ], [ -71.230792453742339, 42.411376228204787 ], [ -71.230754030799432, 42.411483608227606 ], [ -71.23053264200928, 42.411940540439616 ], [ -71.230426932479389, 42.412112469739903 ], [ -71.230426789473896, 42.412190680501205 ], [ -71.230465430022846, 42.412254915388516 ], [ -71.230668135521682, 42.412440508461067 ], [ -71.230668171950668, 42.412440559878775 ], [ -71.230392709844594, 42.41235472735351 ] ] ] ] } },
{ "type": "Feature", "properties": { }, "geometry": { "type": "MultiPolygon", "coordinates": [ [ [ [ -71.243995631136798, 42.412033743634176 ], [ -71.244111150904303, 42.412054819416007 ], [ -71.244140297003469, 42.412076265682806 ], [ -71.244140284914479, 42.412126343239294 ], [ -71.244082374669347, 42.41217629201158 ], [ -71.243880106705518, 42.412247863567423 ], [ -71.243745299082065, 42.412254878066726 ], [ -71.243552400447214, 42.412169485134818 ], [ -71.243774116981143, 42.412076576031119 ], [ -71.243995631136798, 42.412033743634176 ] ] ] ] } },
{ "type": "Feature", "properties": { }, "geometry": { "type": "MultiPolygon", "coordinates": [ [ [ [ -71.247802067779404, 42.408990793928226 ], [ -71.247794669086232, 42.408989652367708 ], [ -71.247720091340497, 42.4089844248087 ], [ -71.247618409869304, 42.408969009683119 ], [ -71.247550704847129, 42.408953669035604 ], [ -71.247489814255346, 42.408943407335066 ], [ -71.247442398766822, 42.408933737857332 ], [ -71.247402966260552, 42.408921272540404 ], [ -71.247361087736294, 42.408903175139621 ], [ -71.247279967512597, 42.408872612783227 ], [ -71.247253045184578, 42.408817411988949 ], [ -71.247226243262546, 42.408731827279453 ], [ -71.247219630500425, 42.408676671101283 ], [ -71.24721311906633, 42.408596194999916 ], [ -71.247213319447511, 42.408546117820251 ], [ -71.247213621144439, 42.408470720717141 ], [ -71.247220634630096, 42.408425722536712 ], [ -71.247193873447486, 42.408330009842196 ], [ -71.247187369206287, 42.408295110012588 ], [ -71.24723490470889, 42.408274958355697 ], [ -71.247282378193461, 42.408269998630971 ], [ -71.247356765548432, 42.40827522605835 ], [ -71.247444969858506, 42.408290611832058 ], [ -71.247485630226436, 42.408280573035888 ], [ -71.24752645145206, 42.408230585013754 ], [ -71.247513115942709, 42.408195107538802 ], [ -71.247532038361328, 42.408162514213984 ], [ -71.247538344675462, 42.408151837325747 ], [ -71.247580940330678, 42.40818006429874 ], [ -71.247648744458033, 42.408170085003675 ], [ -71.247642070699754, 42.408130120797651 ], [ -71.247716729537018, 42.408115092470702 ], [ -71.247750644825757, 42.408130358934919 ], [ -71.247777707789538, 42.408150674394221 ], [ -71.247784381635739, 42.408190638592174 ], [ -71.247709584623422, 42.408240552195188 ], [ -71.247702589483254, 42.408281049087449 ], [ -71.24768211937868, 42.408320953753382 ], [ -71.247681998024873, 42.408351337662346 ], [ -71.247675005102124, 42.408391271886877 ], [ -71.247681676661514, 42.40843179875349 ], [ -71.24767460282456, 42.408491988915863 ], [ -71.247648916676937, 42.408507124657618 ], [ -71.247640544542293, 42.408512170320272 ], [ -71.247599924514603, 42.40851208120143 ], [ -71.24756621758992, 42.408491751122781 ], [ -71.247525468777823, 42.408476469607933 ], [ -71.247484867799969, 42.40847131646121 ], [ -71.247437373934716, 42.408481340253822 ], [ -71.247383045464161, 42.408491349018142 ], [ -71.247355820466879, 42.408511545344368 ], [ -71.247342204918468, 42.408546400973499 ], [ -71.247335229762569, 42.408581833856026 ], [ -71.247341781856662, 42.408652181982006 ], [ -71.247355098149797, 42.408692160789677 ], [ -71.247402431416106, 42.408722648908828 ], [ -71.247449786006982, 42.40874751035642 ], [ -71.247524283711996, 42.408772994030691 ], [ -71.247578530251317, 42.408783241134834 ], [ -71.247666564823277, 42.40879356233404 ], [ -71.247713981455604, 42.40880323172243 ], [ -71.247759515051882, 42.408808958273312 ], [ -71.247869929519908, 42.408823829746638 ], [ -71.247917364167776, 42.40882899773181 ], [ -71.248005378658874, 42.408844382656007 ], [ -71.248066458752461, 42.408854644499094 ], [ -71.248161308975298, 42.408869481604505 ], [ -71.248222199604868, 42.408879742950013 ], [ -71.248296717953693, 42.408900162139254 ], [ -71.24834411113352, 42.408915457914262 ], [ -71.24841183525983, 42.408925734108301 ], [ -71.248466083288889, 42.408935980796407 ], [ -71.248560933727575, 42.408950817572205 ], [ -71.248635430905381, 42.408976300523349 ], [ -71.248641953926281, 42.409006698946108 ], [ -71.248635151051488, 42.409046633636805 ], [ -71.248607906063441, 42.409071894240618 ], [ -71.24858066450777, 42.409096592175572 ], [ -71.248451757745215, 42.409101374393316 ], [ -71.248347011926199, 42.4090927052493 ], [ -71.248248482730958, 42.409095865680776 ], [ -71.248146859274357, 42.409065821735297 ], [ -71.248092612400384, 42.409055574899696 ], [ -71.248024927368789, 42.409035170547426 ], [ -71.24789635063361, 42.409005067337475 ], [ -71.247802067779404, 42.408990793928226 ] ] ] ] } },
{ "type": "Feature", "properties": { }, "geometry": { "type": "MultiPolygon", "coordinates": [ [ [ [ -71.271960581057371, 42.407113496390892 ], [ -71.272112570317859, 42.407232520749503 ], [ -71.272176653728806, 42.407411013880527 ], [ -71.272231872785682, 42.407520843742375 ], [ -71.272286902525252, 42.407630673199847 ], [ -71.272397644720812, 42.407713604691864 ], [ -71.27249920524298, 42.40781621135605 ], [ -71.272591150431296, 42.407953684433593 ], [ -71.272627818109981, 42.408049973361713 ], [ -71.272589859576456, 42.408153992204419 ], [ -71.272535058219688, 42.408138691824782 ], [ -71.272433448473606, 42.408049589170744 ], [ -71.272304613232521, 42.407877720148697 ], [ -71.272203368236333, 42.407740228430008 ], [ -71.272101958530556, 42.40759598425646 ], [ -71.272009964157803, 42.407472577413856 ], [ -71.271982723347065, 42.407341984109095 ], [ -71.271936978012889, 42.407184345983694 ], [ -71.271960581057371, 42.407113496390892 ] ] ] ] } },
{ "type": "Feature", "properties": { }, "geometry": { "type": "MultiPolygon", "coordinates": [ [ [ [ -71.248762736871925, 42.418369748038465 ], [ -71.247759138080568, 42.418037783445975 ], [ -71.247739578427925, 42.41793709748513 ], [ -71.247807183819219, 42.417837090681374 ], [ -71.24784636573311, 42.417723517497528 ], [ -71.24791282352885, 42.417530105114906 ], [ -71.248057297526529, 42.417386941068557 ], [ -71.248124455356006, 42.417208159469652 ], [ -71.248201417381125, 42.417094106185843 ], [ -71.248422814236946, 42.416893717786294 ], [ -71.248538684839133, 42.416829264194888 ], [ -71.24895283446574, 42.416564588994945 ], [ -71.249222562094957, 42.416478526257926 ], [ -71.249425178485808, 42.416464338344809 ], [ -71.249493675914607, 42.416473490211722 ], [ -71.249765867939601, 42.416483647929034 ], [ -71.249975635833067, 42.416581445685075 ], [ -71.249990226508189, 42.416588229417719 ], [ -71.250073674095177, 42.416848926278092 ], [ -71.250100492715333, 42.417171956337363 ], [ -71.250000837146573, 42.417504839769144 ], [ -71.249844875767494, 42.417817344513189 ], [ -71.249703251833523, 42.418056733306173 ], [ -71.249493347179055, 42.418279655876475 ], [ -71.249302139146749, 42.4184789867193 ], [ -71.249272557790817, 42.418538348708253 ], [ -71.248762736871925, 42.418369748038465 ] ] ] ] } },
{ "type": "Feature", "properties": { }, "geometry": { "type": "MultiPolygon", "coordinates": [ [ [ [ -71.238230909091456, 42.41490062004786 ], [ -71.238246960411914, 42.414852159942036 ], [ -71.238254530498594, 42.414857803857203 ], [ -71.238292319511885, 42.414920604988467 ], [ -71.238230909091456, 42.41490062004786 ] ] ], [ [ [ -71.237508206007888, 42.414665425629039 ], [ -71.237526351822723, 42.414666525340351 ], [ -71.237601831012739, 42.414695895037418 ], [ -71.237508206007888, 42.414665425629039 ] ] ] ] } },
{ "type": "Feature", "properties": { }, "geometry": { "type": "MultiPolygon", "coordinates": [ [ [ [ -71.243213990923948, 42.416534212458643 ], [ -71.243409254957456, 42.416519161446772 ], [ -71.243582771675349, 42.416518985632976 ], [ -71.243775724608227, 42.41654754895815 ], [ -71.243920342565715, 42.416604700497601 ], [ -71.24393402497283, 42.416648056454143 ], [ -71.243949391786174, 42.416697605514749 ], [ -71.243879666352584, 42.416754438931804 ], [ -71.243213990923948, 42.416534212458643 ] ] ] ] } },
{ "type": "Feature", "properties": { }, "geometry": { "type": "MultiPolygon", "coordinates": [ [ [ [ -71.280138634754877, 42.41164651904672 ], [ -71.2801114155302, 42.411613269584201 ], [ -71.280097710198476, 42.41156935522946 ], [ -71.280091550110441, 42.411539522011061 ], [ -71.28004775909919, 42.41152255826232 ], [ -71.280000760995833, 42.411499961677876 ], [ -71.279926873157237, 42.411458745586138 ], [ -71.279891534512871, 42.411413101828579 ], [ -71.279880286236946, 42.411372568157752 ], [ -71.279882904627314, 42.411329247663474 ], [ -71.27990140473257, 42.411304525615407 ], [ -71.279982923163487, 42.41128048672514 ], [ -71.280069338375299, 42.411267710512362 ], [ -71.280121241763894, 42.411298756475183 ], [ -71.280158704128198, 42.411334276180618 ], [ -71.280198891993919, 42.411350107668966 ], [ -71.280235039805916, 42.41138112348753 ], [ -71.280232402077942, 42.411430070640314 ], [ -71.28021727643943, 42.411467177899375 ], [ -71.280222102846224, 42.411498696571115 ], [ -71.280243394146694, 42.411544313403539 ], [ -71.280234268487888, 42.411602813535708 ], [ -71.280218045581208, 42.411628102652998 ], [ -71.280138634754877, 42.41164651904672 ] ] ] ] } },
{ "type": "Feature", "properties": { }, "geometry": { "type": "MultiPolygon", "coordinates": [ [ [ [ -71.273199058882085, 42.391940640515742 ], [ -71.273134277839304, 42.392607919429182 ], [ -71.273048633862672, 42.392729850226615 ], [ -71.272914699400275, 42.392823552079477 ], [ -71.272818570785191, 42.392852621217003 ], [ -71.272712676531185, 42.392853537409387 ], [ -71.272635024722803, 42.392810620947166 ], [ -71.272566408787483, 42.392682758901508 ], [ -71.27257371008298, 42.392447013976998 ], [ -71.2725823939939, 42.392354190342083 ], [ -71.272552996936753, 42.392296739733162 ], [ -71.272377831706436, 42.392141095958877 ], [ -71.272271714647019, 42.392098685591904 ], [ -71.272116324775297, 42.39198528092043 ], [ -71.271969921953314, 42.391800434554071 ], [ -71.271920450041534, 42.391679362090017 ], [ -71.271879361460833, 42.391504065912592 ], [ -71.273199058882085, 42.391940640515742 ] ] ] ] } },
{ "type": "Feature", "properties": { }, "geometry": { "type": "MultiPolygon", "coordinates": [ [ [ [ -71.275789072931232, 42.407014674660672 ], [ -71.275827029142917, 42.407016436614008 ], [ -71.275865922129768, 42.407021576396446 ], [ -71.27590309914288, 42.407028963502228 ], [ -71.275946136663407, 42.407043114040455 ], [ -71.275972262141792, 42.407062295666137 ], [ -71.275995149177476, 42.407084846999112 ], [ -71.276018988192135, 42.407106837510767 ], [ -71.276042251501053, 42.407130514905411 ], [ -71.276054856246446, 42.407162048926942 ], [ -71.276039366120386, 42.407194653612585 ], [ -71.276018589182797, 42.407219370633356 ], [ -71.275997437983946, 42.407242398913333 ], [ -71.275977236739507, 42.407265429038567 ], [ -71.275955140745936, 42.407287330132405 ], [ -71.275919938821517, 42.407311456380967 ], [ -71.275876418299333, 42.407326563706462 ], [ -71.275840895208759, 42.407334371890478 ], [ -71.27579892510019, 42.407340479495012 ], [ -71.275761166192339, 42.40733646723951 ], [ -71.275724932992816, 42.407330769936578 ], [ -71.275686279285793, 42.407311563836636 ], [ -71.275660728310427, 42.407290695258709 ], [ -71.275640314564043, 42.407266460673753 ], [ -71.275628286522618, 42.407232677053621 ], [ -71.275630307939238, 42.407197795486013 ], [ -71.275637239079074, 42.407170238193892 ], [ -71.27564739591925, 42.407143249859423 ], [ -71.275659447043523, 42.407116827886227 ], [ -71.27567244412873, 42.407091533094658 ], [ -71.27568848617409, 42.407063993558694 ], [ -71.275708884174904, 42.407039275857862 ], [ -71.275744068833603, 42.40701965099494 ], [ -71.275789072931232, 42.407014674660672 ] ] ] ] } },
{ "type": "Feature", "properties": { }, "geometry": { "type": "MultiPolygon", "coordinates": [ [ [ [ -71.277814614422994, 42.402897609953868 ], [ -71.277860893640153, 42.40290670202404 ], [ -71.277898596624809, 42.402925905583075 ], [ -71.277936019155902, 42.402970991409326 ], [ -71.277950467237389, 42.403018283571797 ], [ -71.277921321479141, 42.403048611506627 ], [ -71.277869134332647, 42.403046260096978 ], [ -71.277822823350348, 42.4030461706895 ], [ -71.277784948126794, 42.403075919064676 ], [ -71.277747352656917, 42.403080347817294 ], [ -71.27767203116295, 42.403071762263146 ], [ -71.277628272986675, 42.403101499220178 ], [ -71.277657228797551, 42.40312518731325 ], [ -71.277697725685769, 42.403159588425353 ], [ -71.277715042707683, 42.403200696788012 ], [ -71.277729368490128, 42.403228857960066 ], [ -71.277720486635531, 42.403271603722509 ], [ -71.277685632185921, 42.403305859258744 ], [ -71.27763053735066, 42.403320944893238 ], [ -71.277557942033241, 42.403346687402355 ], [ -71.277523126318172, 42.403370252234446 ], [ -71.277572245986647, 42.403381037920582 ], [ -71.2776039897863, 42.403421611513281 ], [ -71.277609707512525, 42.403468886840493 ], [ -71.277598030949477, 42.403496997771327 ], [ -71.277568932348757, 42.403513821626582 ], [ -71.277522621024417, 42.403513732098382 ], [ -71.277467388772664, 42.403513625300043 ], [ -71.277409589136212, 42.403488193360815 ], [ -71.277412663222208, 42.403423492261275 ], [ -71.27743604742497, 42.403358830445065 ], [ -71.27744778350079, 42.403313839545298 ], [ -71.277462540499585, 42.403273355846068 ], [ -71.277483007932062, 42.403228381827233 ], [ -71.277509154841894, 42.403187357475844 ], [ -71.277532485359515, 42.403137887623167 ], [ -71.277552891279058, 42.40311035624206 ], [ -71.277579182026628, 42.403082273562113 ], [ -71.277602421332745, 42.40305868633866 ], [ -71.277637228924632, 42.403037372145661 ], [ -71.277663528740163, 42.403007038783556 ], [ -71.277686812314144, 42.40297051021777 ], [ -71.277704408445203, 42.402932282649935 ], [ -71.277753673520721, 42.402901993629229 ], [ -71.277814614422994, 42.402897609953868 ] ] ] ] } },
{ "type": "Feature", "properties": { }, "geometry": { "type": "MultiPolygon", "coordinates": [ [ [ [ -71.273133451518177, 42.409010885201411 ], [ -71.273216444502864, 42.409052123636819 ], [ -71.273281238159996, 42.409086574128253 ], [ -71.273419700185812, 42.409168996536287 ], [ -71.273502832641014, 42.409224301769108 ], [ -71.273613557041472, 42.409313421376964 ], [ -71.273668663319, 42.409402994176205 ], [ -71.273724009655965, 42.409478500688074 ], [ -71.273698721814469, 42.409543157925789 ], [ -71.273649662529166, 42.40956725622172 ], [ -71.273575483395945, 42.409608747822617 ], [ -71.273473716314243, 42.4096152995848 ], [ -71.273409119808562, 42.409525708011493 ], [ -71.273363288339368, 42.409443468055628 ], [ -71.273363657770545, 42.409340500310691 ], [ -71.273336073224726, 42.409251544241286 ], [ -71.27322512914678, 42.409223754882504 ], [ -71.273141996935138, 42.409168449449048 ], [ -71.273096191540603, 42.409079457398335 ], [ -71.273050072233929, 42.40902478753587 ], [ -71.273133451518177, 42.409010885201411 ] ] ] ] } },
{ "type": "Feature", "properties": { }, "geometry": { "type": "MultiPolygon", "coordinates": [ [ [ [ -71.273224395276841, 42.396421320013914 ], [ -71.273186279864689, 42.396465695890022 ], [ -71.273022601070025, 42.396437239563568 ], [ -71.272926502615789, 42.39635096128611 ], [ -71.272926680571189, 42.396301446589675 ], [ -71.272955605810481, 42.396279559502965 ], [ -71.273032809000142, 42.396236948827308 ], [ -71.273081013382324, 42.396237043907533 ], [ -71.273177293673342, 42.396272682027131 ], [ -71.273254111018332, 42.396337540602708 ], [ -71.273253933319211, 42.396387055299165 ], [ -71.273224395276841, 42.396421320013914 ] ] ] ] } },
{ "type": "Feature", "properties": { }, "geometry": { "type": "MultiPolygon", "coordinates": [ [ [ [ -71.267852363825057, 42.365509725376363 ], [ -71.267795443426607, 42.365513549179212 ], [ -71.267804862762063, 42.365634543339716 ], [ -71.267766112907537, 42.365649094642386 ], [ -71.267698662962388, 42.365627576754527 ], [ -71.267650883461428, 42.365570087368084 ], [ -71.267651560635144, 42.365334327872716 ], [ -71.267709507188769, 42.365206155013837 ], [ -71.267777003800475, 42.365162965353591 ], [ -71.267835048138366, 42.365163082555306 ], [ -71.26787312087896, 42.365177788968147 ], [ -71.267834596309186, 42.365234541383401 ], [ -71.267889020706548, 42.3652385899751 ], [ -71.267915379048404, 42.365240893875551 ], [ -71.267926864874724, 42.365263986735506 ], [ -71.267937233857964, 42.365281450589301 ], [ -71.267971727732288, 42.365341163754813 ], [ -71.267950020309556, 42.365363626957034 ], [ -71.267951387017376, 42.365404704996855 ], [ -71.267932686839544, 42.36543505171506 ], [ -71.267932589753954, 42.365461497248234 ], [ -71.267932828055351, 42.365499759634773 ], [ -71.267870402227672, 42.365556463821612 ], [ -71.267852363825057, 42.365509725376363 ] ] ] ] } },
{ "type": "Feature", "properties": { }, "geometry": { "type": "MultiPolygon", "coordinates": [ [ [ [ -71.246107803680189, 42.362877711984623 ], [ -71.246206816416858, 42.362925195410959 ], [ -71.246221335233031, 42.362993873919493 ], [ -71.246463502663119, 42.363338765917142 ], [ -71.246522426621397, 42.363544835203619 ], [ -71.246532347780914, 42.363956173045885 ], [ -71.246446192088882, 42.364249699749408 ], [ -71.246353437297245, 42.364249495114663 ], [ -71.246276527513984, 42.364318534488483 ], [ -71.246276311313807, 42.364467080386262 ], [ -71.246121526505007, 42.365175709903127 ], [ -71.246059702091145, 42.365266726783688 ], [ -71.245997864974584, 42.365266590162058 ], [ -71.245936445631457, 42.365209624198677 ], [ -71.24592117795298, 42.364855104832174 ], [ -71.246029525402164, 42.364420958673158 ], [ -71.24606092307738, 42.363735126352196 ], [ -71.246046054875052, 42.363186484614374 ], [ -71.246061581010352, 42.36295750985083 ], [ -71.246107803680189, 42.362877711984623 ] ] ] ] } },
{ "type": "Feature", "properties": { }, "geometry": { "type": "MultiPolygon", "coordinates": [ [ [ [ -71.264873861759682, 42.355227776276728 ], [ -71.265650859856166, 42.355577777259576 ], [ -71.265707858945419, 42.355676776818605 ], [ -71.265815858919467, 42.355836777122548 ], [ -71.26591585843687, 42.355968776660873 ], [ -71.265912858333877, 42.35604077691616 ], [ -71.265919858854673, 42.356073776604426 ], [ -71.266235856930081, 42.356392776348791 ], [ -71.266365856979093, 42.356543776599274 ], [ -71.26647385640247, 42.356704776459523 ], [ -71.266639855182618, 42.357002776402744 ], [ -71.266688855361352, 42.35710377673459 ], [ -71.266700854511569, 42.357246776642846 ], [ -71.266707854264297, 42.357281776697697 ], [ -71.266724853727439, 42.357315777020972 ], [ -71.266864853601504, 42.357503776931573 ], [ -71.267085852293619, 42.357861776214413 ], [ -71.267172852111386, 42.358029776624953 ], [ -71.267214851094266, 42.358132776458774 ], [ -71.267238851557863, 42.35816277651648 ], [ -71.267423851152259, 42.358329776793362 ], [ -71.267509850331592, 42.358416776571772 ], [ -71.267532850781194, 42.358447776556986 ], [ -71.267650850215347, 42.35864477609865 ], [ -71.267697849208943, 42.358707776432745 ], [ -71.267930848839299, 42.358936776187072 ], [ -71.268143847467158, 42.359132776722674 ], [ -71.268315847791129, 42.359306776900233 ], [ -71.268528846429547, 42.359502776701198 ], [ -71.268586846070932, 42.35956077613195 ], [ -71.268703846448361, 42.359716776413585 ], [ -71.26872284571995, 42.359749776628306 ], [ -71.268773845191404, 42.359887776176414 ], [ -71.268916844377301, 42.360154776459595 ], [ -71.268990843999973, 42.360324776697105 ], [ -71.269013843428212, 42.360356776580105 ], [ -71.269117843331955, 42.360477776170349 ], [ -71.269181843172362, 42.360573776494171 ], [ -71.269191842902956, 42.360752776044052 ], [ -71.269171842019119, 42.360930776371859 ], [ -71.269164842420366, 42.361073776458383 ], [ -71.26915284215076, 42.36114477643374 ], [ -71.26909284157918, 42.361390775666209 ], [ -71.269093841460958, 42.361426776306914 ], [ -71.269112840686262, 42.361532775719773 ], [ -71.269201840100692, 42.361884776046757 ], [ -71.269225839525603, 42.362026775990728 ], [ -71.269261838845352, 42.362167775485347 ], [ -71.269286839364483, 42.362236775451265 ], [ -71.269277839302916, 42.362379775990256 ], [ -71.269233838154292, 42.362591775821258 ], [ -71.26915383792614, 42.362834775647741 ], [ -71.269131837865501, 42.362917775164767 ], [ -71.269632837137479, 42.362957775597764 ], [ -71.269797836438684, 42.362970775682804 ], [ -71.270031875437411, 42.362982257289872 ], [ -71.270010819651844, 42.363268425885117 ], [ -71.26991851805181, 42.363926008642999 ], [ -71.269906358900499, 42.363983377187878 ], [ -71.26987036389616, 42.364023255099262 ], [ -71.269792273154778, 42.364059110006892 ], [ -71.269738372696068, 42.364067442216886 ], [ -71.269624547018907, 42.3640717156363 ], [ -71.26951078492506, 42.364058546138359 ], [ -71.269432825281157, 42.364058389850172 ], [ -71.269367039351081, 42.364049255122154 ], [ -71.269324849250069, 42.364071114830324 ], [ -71.269276887114898, 42.364115469951159 ], [ -71.269282523189872, 42.364182439611163 ], [ -71.269282052913596, 42.364311291291294 ], [ -71.269323810314049, 42.364355826405458 ], [ -71.269335773455325, 42.364404240469739 ], [ -71.269305672709905, 42.364440191298804 ], [ -71.269053265887379, 42.364630431538892 ], [ -71.268818974580043, 42.364794261908742 ], [ -71.268705147533112, 42.36479853441783 ], [ -71.268627246614713, 42.364833826238439 ], [ -71.268567160081204, 42.364873655261441 ], [ -71.268500168775759, 42.36488252321972 ], [ -71.268441306424549, 42.364846956171377 ], [ -71.268405602728023, 42.364806934334517 ], [ -71.26839972866965, 42.364753468363709 ], [ -71.268423948722074, 42.36471806860547 ], [ -71.268454064527575, 42.364678179312115 ], [ -71.268490078496498, 42.364633800483773 ], [ -71.268472204549496, 42.364593814559797 ], [ -71.268412503355577, 42.364580190137218 ], [ -71.26833457400231, 42.364571593039209 ], [ -71.268215003418462, 42.364486950810338 ], [ -71.268113535914438, 42.36437983795296 ], [ -71.267982521635744, 42.364157316966157 ], [ -71.267923619528872, 42.363926501246908 ], [ -71.267852155527038, 42.363810445886799 ], [ -71.267840226696066, 42.363753028923412 ], [ -71.26786446320817, 42.363713127905967 ], [ -71.267906644776275, 42.363641753286387 ], [ -71.268044841764578, 42.363508678082631 ], [ -71.268183179241532, 42.363389107201662 ], [ -71.268261225077538, 42.363313866016092 ], [ -71.268285589875788, 42.363238516617933 ], [ -71.268291862100781, 42.363131620937189 ], [ -71.268292187956447, 42.363042718883968 ], [ -71.268304560803756, 42.362927395359662 ], [ -71.268299072299612, 42.362820475973621 ], [ -71.268353363631917, 42.362705236895565 ], [ -71.268359676616967, 42.362638853912223 ], [ -71.26838067991072, 42.362601196966239 ], [ -71.268470815287955, 42.362538921514052 ], [ -71.268524797022934, 42.362508083043522 ], [ -71.268549032626396, 42.362468181870852 ], [ -71.268531291108559, 42.362392184972478 ], [ -71.268501598840757, 42.362316726686487 ], [ -71.26847792562576, 42.362254784722069 ], [ -71.268495984560118, 42.362192364102526 ], [ -71.268520348646902, 42.362117014635821 ], [ -71.268502655866669, 42.362028076288198 ], [ -71.268449146487285, 42.361930063009396 ], [ -71.268401563712388, 42.361819120102886 ], [ -71.26837180795799, 42.361761104586783 ], [ -71.268372018243554, 42.361703712104486 ], [ -71.268396211471071, 42.36162329823172 ], [ -71.268391031294499, 42.36143254077848 ], [ -71.268397301948369, 42.361325645046328 ], [ -71.268418704395856, 42.361230595975407 ], [ -71.268436935978087, 42.361172677103966 ], [ -71.268467116032028, 42.361114782288674 ], [ -71.26851505997756, 42.361074928847849 ], [ -71.268557026031559, 42.36106207178495 ], [ -71.268611214369287, 42.361026169601715 ], [ -71.268587271832843, 42.360986171449028 ], [ -71.268533730241046, 42.360897160930627 ], [ -71.26852205663802, 42.3608217388933 ], [ -71.268486132823867, 42.360790719407888 ], [ -71.268414263212193, 42.360786073276572 ], [ -71.268324645443812, 42.360759446991139 ], [ -71.268199534545403, 42.360532436544439 ], [ -71.268098333475237, 42.360354426960626 ], [ -71.267991219847943, 42.360185408161534 ], [ -71.267890002178291, 42.360011899750752 ], [ -71.267842538751552, 42.359869446956594 ], [ -71.267809902642327, 42.359769787441557 ], [ -71.267738263698547, 42.359702684334728 ], [ -71.267613034045553, 42.359560636999284 ], [ -71.267451884514117, 42.359387007032701 ], [ -71.267236870281664, 42.359213267803966 ], [ -71.267045863173067, 42.359061521165486 ], [ -71.266974256950917, 42.358985977495983 ], [ -71.266938531994498, 42.358901503700196 ], [ -71.266854929070121, 42.358838877182443 ], [ -71.266771342055449, 42.358772311903301 ], [ -71.266621766841382, 42.358701111236805 ], [ -71.266514200710716, 42.358656441457676 ], [ -71.26642469467005, 42.358549351232092 ], [ -71.266400902065413, 42.358469402905889 ], [ -71.266308443049724, 42.358391565737485 ], [ -71.266290672085916, 42.35832457117214 ], [ -71.266225153513318, 42.358244537985314 ], [ -71.266141486774032, 42.358199916439702 ], [ -71.266021864528312, 42.358133277305093 ], [ -71.265944439216568, 42.35799076268065 ], [ -71.265854768371241, 42.357928685742181 ], [ -71.265699268350559, 42.357870413340294 ], [ -71.265561721383676, 42.357830182968641 ], [ -71.265513951799392, 42.357772129920654 ], [ -71.265484445668292, 42.357647718322511 ], [ -71.265484792137684, 42.35755431479248 ], [ -71.265449159138143, 42.357496849143089 ], [ -71.265323718302739, 42.357363238935271 ], [ -71.265061170918855, 42.357122440038495 ], [ -71.264959717258463, 42.357015886888377 ], [ -71.26465199228258, 42.35678624819537 ], [ -71.264502524750256, 42.356688036485295 ], [ -71.264263164336953, 42.356639155818641 ], [ -71.264161682525753, 42.356541042034834 ], [ -71.263994454084667, 42.356425350258633 ], [ -71.263928902296712, 42.35630480295594 ], [ -71.263929465351779, 42.356154006856265 ], [ -71.263896555756688, 42.356129744198846 ], [ -71.264032008801451, 42.355967408806301 ], [ -71.264749416547431, 42.35518333159731 ], [ -71.264873861759682, 42.355227776276728 ] ] ] ] } },
{ "type": "Feature", "properties": { }, "geometry": { "type": "MultiPolygon", "coordinates": [ [ [ [ -71.268939828337807, 42.366655833813589 ], [ -71.269045847035031, 42.366712876950146 ], [ -71.269199878089196, 42.366920250552937 ], [ -71.269199833271486, 42.366984395398312 ], [ -71.26909380583426, 42.367241324961 ], [ -71.269026583881541, 42.367312649669863 ], [ -71.268959183148496, 42.367277065762131 ], [ -71.268939774171187, 42.367241578251644 ], [ -71.26894011165173, 42.366941673229995 ], [ -71.26884365057272, 42.366812626825556 ], [ -71.268853146635962, 42.366705737681642 ], [ -71.268939828337807, 42.366655833813589 ] ] ] ] } },
{ "type": "Feature", "properties": { }, "geometry": { "type": "MultiPolygon", "coordinates": [ [ [ [ -71.261414595319749, 42.367205955859234 ], [ -71.261407385901336, 42.367256581651084 ], [ -71.261376219124912, 42.367271709208858 ], [ -71.26134147337936, 42.367280077230937 ], [ -71.261305050447774, 42.367280564311542 ], [ -71.261268633890552, 42.367279363368858 ], [ -71.261199822262952, 42.367266841649929 ], [ -71.26117276741823, 42.36724821719163 ], [ -71.26112644940639, 42.367206483040555 ], [ -71.26107461703694, 42.367168676138704 ], [ -71.261007922258457, 42.367148281252156 ], [ -71.26097496004364, 42.367136396569855 ], [ -71.260904439583925, 42.367124433796498 ], [ -71.260866855837321, 42.367081029673209 ], [ -71.260869708858507, 42.367028706828556 ], [ -71.260875311759051, 42.367001710077723 ], [ -71.260875035151031, 42.366974701100965 ], [ -71.260913893808748, 42.366932018593133 ], [ -71.260979989131414, 42.366910211661981 ], [ -71.261016230974022, 42.366907473608265 ], [ -71.261052649439264, 42.366908111960377 ], [ -71.261118981001133, 42.366924004667872 ], [ -71.261148202639419, 42.366971892742612 ], [ -71.261144021711132, 42.36702421283622 ], [ -71.261123450039634, 42.367046677107311 ], [ -71.261128948803261, 42.36709732928081 ], [ -71.261155815396748, 42.367115953359232 ], [ -71.261183252295169, 42.367134015940614 ], [ -71.261240225799014, 42.367166769392774 ], [ -71.261275097135965, 42.36717528191194 ], [ -71.261310737871, 42.367180982642473 ], [ -71.261414595319749, 42.367205955859234 ] ] ] ] } },
{ "type": "Feature", "properties": { }, "geometry": { "type": "MultiPolygon", "coordinates": [ [ [ [ -71.268525504613706, 42.366614487986595 ], [ -71.268380803675072, 42.366449895548854 ], [ -71.268342311530617, 42.366342347096989 ], [ -71.268361834759162, 42.366242792954338 ], [ -71.268419874163229, 42.366192831775557 ], [ -71.26848723945524, 42.366185652641406 ], [ -71.268689122577698, 42.366378493737201 ], [ -71.26884242711256, 42.366628629671425 ], [ -71.268842385960596, 42.366639883087082 ], [ -71.268842484812666, 42.366664640982094 ], [ -71.268784473278942, 42.366707287651266 ], [ -71.268765103729962, 42.366764641545515 ], [ -71.268659386935525, 42.366728980404467 ], [ -71.26856309661153, 42.36665732694243 ], [ -71.268525504613706, 42.366614487986595 ] ] ] ] } },
{ "type": "Feature", "properties": { }, "geometry": { "type": "MultiPolygon", "coordinates": [ [ [ [ -71.254866572599099, 42.359675401059526 ], [ -71.254972538560509, 42.359739771989943 ], [ -71.254991550572825, 42.359825901939956 ], [ -71.254914758395927, 42.359868501666824 ], [ -71.254779930523171, 42.359861462095623 ], [ -71.254722056978423, 42.359818575277615 ], [ -71.254722116468969, 42.3597544303326 ], [ -71.2547993441069, 42.359697202083872 ], [ -71.254866572599099, 42.359675401059526 ] ] ] ] } },
{ "type": "Feature", "properties": { }, "geometry": { "type": "MultiPolygon", "coordinates": [ [ [ [ -71.263329531948074, 42.365132516358869 ], [ -71.263405329331761, 42.365051647100223 ], [ -71.263569000481482, 42.365008657734968 ], [ -71.26387723815381, 42.365009291064531 ], [ -71.264165943853953, 42.36505939893182 ], [ -71.264252390409922, 42.365123721159719 ], [ -71.264310034897903, 42.36523074760747 ], [ -71.26431886671709, 42.36560944609294 ], [ -71.26429468598667, 42.36563359156343 ], [ -71.264218338566323, 42.365709396192671 ], [ -71.264174056153152, 42.365681171633248 ], [ -71.264135231503843, 42.36576661862707 ], [ -71.263913889118228, 42.36570933423743 ], [ -71.263837169877604, 42.365630402187925 ], [ -71.26376974652095, 42.365602129945714 ], [ -71.263625767630757, 42.365451599818101 ], [ -71.263462198747305, 42.36536573685683 ], [ -71.263327786741726, 42.365243922458973 ], [ -71.26331829597305, 42.365144309413175 ], [ -71.263329531948074, 42.365132516358869 ] ] ] ] } },
{ "type": "Feature", "properties": { }, "geometry": { "type": "MultiPolygon", "coordinates": [ [ [ [ -71.251378877939416, 42.356420770584776 ], [ -71.252226325204234, 42.356047774408687 ], [ -71.25223052878907, 42.356046678014906 ], [ -71.252233449526216, 42.35604477784679 ], [ -71.252559877810327, 42.355918771105003 ], [ -71.253068877864692, 42.355703771463652 ], [ -71.253270877447775, 42.355330771485157 ], [ -71.253328878007963, 42.355232771426977 ], [ -71.253390877999877, 42.355096771781575 ], [ -71.253483878371043, 42.354931772042754 ], [ -71.253510878737373, 42.354872771383427 ], [ -71.254062878455485, 42.354738772409448 ], [ -71.254103877910765, 42.354719772307462 ], [ -71.254258878141158, 42.354631772459619 ], [ -71.254445878592605, 42.354517772162474 ], [ -71.254514877725029, 42.354467771954077 ], [ -71.254714878045732, 42.354338772353117 ], [ -71.254795877956767, 42.354286772840879 ], [ -71.25517387852355, 42.35404277257495 ], [ -71.255372877589011, 42.353938773247663 ], [ -71.255458877777869, 42.353905772671439 ], [ -71.255683878419845, 42.353835773271776 ], [ -71.255777877865995, 42.353815773334652 ], [ -71.255884878144556, 42.353800773187757 ], [ -71.255966877331943, 42.35383977286169 ], [ -71.256225877301603, 42.353940773164119 ], [ -71.256466876374162, 42.354030772907898 ], [ -71.256460874102018, 42.354815773422317 ], [ -71.257063861832208, 42.354650741556156 ], [ -71.257064237858913, 42.354652552039255 ], [ -71.257073550369597, 42.354697023172058 ], [ -71.257102295629451, 42.354718465616564 ], [ -71.257285285534877, 42.354725604179748 ], [ -71.257441230805853, 42.354762507261555 ], [ -71.257497128234277, 42.354775566736159 ], [ -71.257583638591285, 42.354768434374037 ], [ -71.257622195237403, 42.354704370524608 ], [ -71.257583646546408, 42.354618199725721 ], [ -71.257497137901225, 42.354575253868354 ], [ -71.257396927089999, 42.354559583113605 ], [ -71.257589873255469, 42.354506774065605 ], [ -71.257721873349197, 42.354460773266993 ], [ -71.257722622889574, 42.354460562931379 ], [ -71.257786039162298, 42.354511155038736 ], [ -71.257920446877506, 42.354575583254373 ], [ -71.258045808814657, 42.354575847137525 ], [ -71.258315527808548, 42.354518458729608 ], [ -71.258386063831992, 42.354522545717046 ], [ -71.258440483923991, 42.354525473449534 ], [ -71.258507699676912, 42.354604389380206 ], [ -71.25854625176666, 42.354689997197248 ], [ -71.258575566787798, 42.354711440468911 ], [ -71.258584833749609, 42.35471821204694 ], [ -71.258606457998255, 42.354717132096809 ], [ -71.258681016563301, 42.354711099168803 ], [ -71.258883300218159, 42.354532592394911 ], [ -71.259124029712751, 42.354268638960441 ], [ -71.259293531401539, 42.354017249472598 ], [ -71.259294872598232, 42.354016774461293 ], [ -71.260385871985051, 42.353632775381008 ], [ -71.260584871887815, 42.353638775300887 ], [ -71.260779871147264, 42.353636775642734 ], [ -71.261023871104456, 42.353647775866122 ], [ -71.261041871109597, 42.3536497758952 ], [ -71.261069282652812, 42.35365541366253 ], [ -71.261073053982599, 42.353717928183798 ], [ -71.261030400599026, 42.353825851854772 ], [ -71.260924439577337, 42.353861642873945 ], [ -71.260808807931213, 42.353946929224584 ], [ -71.260751017396018, 42.354032898512102 ], [ -71.260741183622855, 42.354275954361576 ], [ -71.260702686795312, 42.354375468006886 ], [ -71.260635441360222, 42.354454102754246 ], [ -71.260500594780424, 42.354554541050213 ], [ -71.260452425587943, 42.35470411267481 ], [ -71.260394742626033, 42.354761385490029 ], [ -71.260288616846267, 42.354789860781445 ], [ -71.26015377023559, 42.354790142235316 ], [ -71.259836260574346, 42.354747278699762 ], [ -71.259691743527469, 42.354746976734575 ], [ -71.259624332583414, 42.354768780206108 ], [ -71.259547468348018, 42.354832764612794 ], [ -71.259547468464319, 42.354882842829319 ], [ -71.259576161156502, 42.354918351457009 ], [ -71.259720651013481, 42.355025562057925 ], [ -71.25999023267785, 42.355154415379047 ], [ -71.260278917549627, 42.355247296595991 ], [ -71.260548392317389, 42.355254610248515 ], [ -71.260692749586553, 42.355297111540303 ], [ -71.260740975839354, 42.355333223203807 ], [ -71.260760024324924, 42.355361396666467 ], [ -71.260750352490007, 42.355461532956873 ], [ -71.260692724479611, 42.355504176438707 ], [ -71.260577385691889, 42.355511251111977 ], [ -71.260374937577538, 42.355433180004333 ], [ -71.26026916337257, 42.355418892594869 ], [ -71.260220936759396, 42.355432858941924 ], [ -71.260134506856701, 42.355518768165901 ], [ -71.260124644934777, 42.355668419535952 ], [ -71.260240092561261, 42.355883040068072 ], [ -71.26027851123591, 42.356004658286309 ], [ -71.260307368054939, 42.35634738837993 ], [ -71.260278241219865, 42.356426102349097 ], [ -71.260211019606515, 42.356497422075556 ], [ -71.260153200933203, 42.356540064882559 ], [ -71.260008923023165, 42.356575775111708 ], [ -71.259951102005687, 42.356618980488321 ], [ -71.259922139120675, 42.356654368626977 ], [ -71.259864129425921, 42.356847245472331 ], [ -71.259796989345546, 42.356897183422056 ], [ -71.259690885378433, 42.356918906086797 ], [ -71.259565898720339, 42.356918644792529 ], [ -71.259469468795871, 42.356890309288815 ], [ -71.259344564839509, 42.35681858803143 ], [ -71.258911329361155, 42.356482887988328 ], [ -71.258507220249484, 42.356318863770113 ], [ -71.258314529818435, 42.356218302485921 ], [ -71.258141397779781, 42.356161670782228 ], [ -71.258083551072659, 42.356161549085087 ], [ -71.258025759267298, 42.356196876090941 ], [ -71.258025676348097, 42.35626833582517 ], [ -71.258064200809088, 42.356361258506801 ], [ -71.258131742941501, 42.356454242218831 ], [ -71.258323918373719, 42.3565902513336 ], [ -71.2585550301024, 42.356811306022564 ], [ -71.258718484567126, 42.357068792236049 ], [ -71.258776165531842, 42.357211833048879 ], [ -71.258757170171947, 42.357318701692954 ], [ -71.258718559004933, 42.357347317165932 ], [ -71.258545152758273, 42.357361582730562 ], [ -71.258497031033514, 42.3573974929486 ], [ -71.258410349784683, 42.357547545418576 ], [ -71.258323672256878, 42.3575974414521 ], [ -71.258208195977957, 42.357589883883264 ], [ -71.258160156657496, 42.357554334245847 ], [ -71.258063976396542, 42.357361696615619 ], [ -71.257880984815102, 42.357204324732855 ], [ -71.257438102449541, 42.357011518640356 ], [ -71.257284372862102, 42.356890218806626 ], [ -71.25721699372464, 42.356803987065057 ], [ -71.257178578288347, 42.356682930516463 ], [ -71.257188348721911, 42.356361100233407 ], [ -71.257140096457562, 42.35628278629634 ], [ -71.257082361109326, 42.356253967831499 ], [ -71.256957237346541, 42.356289714703024 ], [ -71.256851291562796, 42.356418343611452 ], [ -71.256735647589323, 42.356504188491925 ], [ -71.256697280706831, 42.356518736898337 ], [ -71.256620117180546, 42.356511258794562 ], [ -71.256572080785006, 42.356475708487459 ], [ -71.25655295592, 42.356418274997345 ], [ -71.256552880613313, 42.356289984604594 ], [ -71.256639627671674, 42.355975632088565 ], [ -71.256639659225485, 42.355918239151229 ], [ -71.256601377203623, 42.355861327788588 ], [ -71.256485715084693, 42.355804252551508 ], [ -71.25637021411201, 42.355804007868684 ], [ -71.256129583408693, 42.355939665452922 ], [ -71.256023425507152, 42.355975451536466 ], [ -71.255888930204165, 42.355982480859034 ], [ -71.255782776171699, 42.355968188518226 ], [ -71.255619351189296, 42.3558541806185 ], [ -71.255321064122583, 42.355596965715037 ], [ -71.255051422476143, 42.355289732828894 ], [ -71.255022843340868, 42.355225526803395 ], [ -71.255022662132163, 42.355125369975198 ], [ -71.25509980686148, 42.355039444793512 ], [ -71.255273080363608, 42.354910960784714 ], [ -71.255687247021328, 42.354725595624195 ], [ -71.255831609760364, 42.354618431046987 ], [ -71.255860445155292, 42.35451833582799 ], [ -71.255851135051003, 42.354375396172692 ], [ -71.255773900513717, 42.354239627045061 ], [ -71.255716250260747, 42.354189426339858 ], [ -71.255610425640384, 42.354139685891454 ], [ -71.255456427994758, 42.354139358448002 ], [ -71.255292752352773, 42.35418965110879 ], [ -71.255051991591216, 42.354310676605685 ], [ -71.254695579677886, 42.354568185352392 ], [ -71.254455051271179, 42.354775299627491 ], [ -71.254349102936587, 42.35490392627451 ], [ -71.254233460523409, 42.354989205995786 ], [ -71.254146779048483, 42.355089177124526 ], [ -71.253979409643492, 42.355210357274657 ], [ -71.253800060302453, 42.355339389000278 ], [ -71.253771312401923, 42.355367461270568 ], [ -71.25370657074599, 42.355433718447365 ], [ -71.253680293586385, 42.355460670633846 ], [ -71.253566532801855, 42.355597719958737 ], [ -71.253549764062043, 42.355617940374678 ], [ -71.253399100371979, 42.355880387304552 ], [ -71.253355762475692, 42.355953442301782 ], [ -71.253347323330047, 42.356074962337509 ], [ -71.253404967462416, 42.356175242409691 ], [ -71.253510736719974, 42.356239614332573 ], [ -71.25354428185436, 42.356245875683626 ], [ -71.253587683877299, 42.356253846179477 ], [ -71.253684248297233, 42.356246738294026 ], [ -71.253741776608464, 42.356182153720091 ], [ -71.253722612347801, 42.355989677291127 ], [ -71.25374964297923, 42.355964414741116 ], [ -71.253761253433325, 42.355953748752199 ], [ -71.253917618820694, 42.356028919505619 ], [ -71.253952515879078, 42.356028994189408 ], [ -71.254001787533895, 42.356039227796479 ], [ -71.254204004539659, 42.355882673509171 ], [ -71.254271446966683, 42.355853558485094 ], [ -71.25429398807492, 42.355860921453122 ], [ -71.254329263749099, 42.355860996831908 ], [ -71.25439677661852, 42.35591121928082 ], [ -71.254454480293973, 42.355996869363985 ], [ -71.254444743750554, 42.356111071908451 ], [ -71.254415855910381, 42.356175155334284 ], [ -71.254126807532657, 42.356518332933248 ], [ -71.253789744729147, 42.356868159098674 ], [ -71.253702863684651, 42.357018207634624 ], [ -71.253702870500234, 42.357211205663276 ], [ -71.253750895685172, 42.357346913541029 ], [ -71.253847022662725, 42.357403949688418 ], [ -71.253914487600326, 42.357418161009271 ], [ -71.254174543072011, 42.357411402504439 ], [ -71.254347886573697, 42.357511366696507 ], [ -71.254540196890432, 42.357611371115659 ], [ -71.254771393298981, 42.357661379958145 ], [ -71.255060008410553, 42.357675499381436 ], [ -71.255156352575227, 42.35772578277318 ], [ -71.255319876053065, 42.358011407752258 ], [ -71.255290952200667, 42.358182962460866 ], [ -71.255310152480064, 42.35831860829844 ], [ -71.255358296191872, 42.358375541041674 ], [ -71.255512109592814, 42.358475461892077 ], [ -71.255569976985143, 42.358568426496419 ], [ -71.255637086066173, 42.359018710077756 ], [ -71.255742914759239, 42.359118528613273 ], [ -71.255896894468648, 42.359175685895103 ], [ -71.255973870040904, 42.359232679571683 ], [ -71.256012340731004, 42.359290154173486 ], [ -71.256012334153652, 42.359390310505077 ], [ -71.255983335646192, 42.359483090523028 ], [ -71.255925700760145, 42.359525731579204 ], [ -71.255867795703864, 42.359540238228917 ], [ -71.255761988352603, 42.359532698743166 ], [ -71.255222878811637, 42.359354309384699 ], [ -71.254866837121696, 42.359411506534023 ], [ -71.254731802059837, 42.359311062225281 ], [ -71.254616523080102, 42.359154392302557 ], [ -71.254452875168255, 42.359047134478708 ], [ -71.25434698997357, 42.359011459713138 ], [ -71.254125485331215, 42.359004234157979 ], [ -71.254029269210207, 42.35901809527855 ], [ -71.253836720729339, 42.359075638866997 ], [ -71.25372099022853, 42.359132784016154 ], [ -71.253509276668495, 42.359289879686791 ], [ -71.253384136340443, 42.359425216308189 ], [ -71.253345509445282, 42.359553986290486 ], [ -71.253345521177536, 42.359696906049706 ], [ -71.253287605464322, 42.359811005048755 ], [ -71.253152822697004, 42.359889490432401 ], [ -71.252883243271725, 42.359904103644908 ], [ -71.252758138523632, 42.359932531192875 ], [ -71.252623136853032, 42.360018330274173 ], [ -71.252642347462881, 42.360246818085876 ], [ -71.252680789329773, 42.360311045845265 ], [ -71.252777052006564, 42.360382712709736 ], [ -71.252873378466418, 42.360389671885855 ], [ -71.252940689714094, 42.360347053151941 ], [ -71.253008230148041, 42.360196963745828 ], [ -71.253075569668653, 42.360147030203791 ], [ -71.253296856432584, 42.360211087583664 ], [ -71.253344997577571, 42.360268583817032 ], [ -71.253354685031397, 42.360410961632226 ], [ -71.253373890394812, 42.360447014091179 ], [ -71.253441246558424, 42.3604899219158 ], [ -71.253768678993566, 42.360475431292478 ], [ -71.254192422169552, 42.360325540745357 ], [ -71.254336683489868, 42.360297152568336 ], [ -71.254529251310615, 42.360333012409932 ], [ -71.254606254237018, 42.360382692257154 ], [ -71.254692813561249, 42.360511729753348 ], [ -71.254759993543459, 42.360747071605154 ], [ -71.254846605590231, 42.360911557669056 ], [ -71.254837247737285, 42.36102576092906 ], [ -71.25476963269891, 42.361147154743598 ], [ -71.254769599446163, 42.361204547613816 ], [ -71.254721358587773, 42.361318667926433 ], [ -71.254586545992439, 42.36140446968983 ], [ -71.254557684277103, 42.361461238350493 ], [ -71.254480536089417, 42.361497084906951 ], [ -71.254384262417091, 42.361476060299196 ], [ -71.254143690407801, 42.361297177930133 ], [ -71.253951068461959, 42.361225868759433 ], [ -71.253662524120216, 42.361189802392722 ], [ -71.253315741880215, 42.36120425121058 ], [ -71.253190640884654, 42.361182601077253 ], [ -71.253075328505389, 42.361082759873007 ], [ -71.252969484762104, 42.360890097358592 ], [ -71.25288278130455, 42.360847147684396 ], [ -71.252786372739735, 42.360861007353101 ], [ -71.252651719246472, 42.360954121990808 ], [ -71.252497669716149, 42.361011183461578 ], [ -71.252372322711921, 42.361004161481254 ], [ -71.251939232393411, 42.360875500549895 ], [ -71.251775487335038, 42.360889776763749 ], [ -71.251650267414533, 42.360946899332937 ], [ -71.251428840250099, 42.361111284944364 ], [ -71.25129416529461, 42.361161071897712 ], [ -71.250620025576936, 42.361218130135796 ], [ -71.25039853417465, 42.361253660826428 ], [ -71.250244481883001, 42.361310719275927 ], [ -71.250119336910458, 42.361396536815136 ], [ -71.250051851356147, 42.361482479564728 ], [ -71.250032500809468, 42.361675435349397 ], [ -71.250118846412079, 42.362096504592564 ], [ -71.248885398644944, 42.361611040698087 ], [ -71.249101482962686, 42.361313856978256 ], [ -71.24927156455162, 42.360993502781682 ], [ -71.249271658585727, 42.360730733272561 ], [ -71.248948377046361, 42.360033434598307 ], [ -71.248886663465669, 42.359907823002473 ], [ -71.248655643472034, 42.359621478546217 ], [ -71.248647963861231, 42.359501611716922 ], [ -71.248763821309879, 42.359461915005163 ], [ -71.249134017848263, 42.359233151682766 ], [ -71.24927280050656, 42.359199131254599 ], [ -71.249442674523351, 42.359073462208961 ], [ -71.249501231680966, 42.358942486271765 ], [ -71.249544174003745, 42.358875058698494 ], [ -71.249677984818035, 42.358803327635115 ], [ -71.24975499019169, 42.358803495318277 ], [ -71.249851116133641, 42.35886053487053 ], [ -71.249870234509828, 42.358917969458695 ], [ -71.249870081848087, 42.359196493876432 ], [ -71.249899112230281, 42.359289398628093 ], [ -71.250004983108454, 42.359424671238507 ], [ -71.250110914792273, 42.359496361380643 ], [ -71.250216609044941, 42.359532039631368 ], [ -71.250447704085389, 42.35956067522055 ], [ -71.250611395253188, 42.359510952183605 ], [ -71.25082332815262, 42.359396625703333 ], [ -71.251035106347359, 42.359224905522694 ], [ -71.251131487252223, 42.359024801430436 ], [ -71.251150777268933, 42.358846474808253 ], [ -71.251112261448199, 42.358753549860687 ], [ -71.25085282640633, 42.358360802621 ], [ -71.250785439482726, 42.358182288184807 ], [ -71.250747079263974, 42.35795375843005 ], [ -71.250756733804891, 42.357718017947995 ], [ -71.250959037959845, 42.357253685566029 ], [ -71.250978552755797, 42.357017966387183 ], [ -71.250891984914261, 42.35684616253215 ], [ -71.250892161347124, 42.356753321287918 ], [ -71.250921024203663, 42.356696553487282 ], [ -71.251132764304288, 42.356532147758166 ], [ -71.251133381360972, 42.356530544486574 ], [ -71.251378877939416, 42.356420770584776 ] ], [ [ -71.257227430062102, 42.354975310456723 ], [ -71.257044411333339, 42.354975486538741 ], [ -71.256852047743365, 42.354939631263086 ], [ -71.256698019996691, 42.354946620219472 ], [ -71.256572570605627, 42.355018377292637 ], [ -71.256572509948356, 42.355034132109786 ], [ -71.256572784667583, 42.355061141169422 ], [ -71.2566213883063, 42.355097255367227 ], [ -71.256630275198205, 42.355104026298001 ], [ -71.256739516576971, 42.35510425747897 ], [ -71.256899967623838, 42.355104034167127 ], [ -71.257018060391403, 42.355120601419863 ], [ -71.257054074818527, 42.355125741614494 ], [ -71.257304260621268, 42.355118392519771 ], [ -71.257458291470016, 42.355061324539854 ], [ -71.257545022305877, 42.354996799657435 ], [ -71.257545023774412, 42.354946721441834 ], [ -71.257477642671148, 42.354911130703996 ], [ -71.257429471010241, 42.354911029082835 ], [ -71.257227430062102, 42.354975310456723 ] ], [ [ -71.252286678300507, 42.358996911387962 ], [ -71.25224842920025, 42.358932121214302 ], [ -71.252181046832234, 42.35889652740493 ], [ -71.252123196644092, 42.358896965384361 ], [ -71.252017413661861, 42.358932185895377 ], [ -71.251884014822224, 42.359044433364865 ], [ -71.251872787841961, 42.35905397463408 ], [ -71.251871585193271, 42.359070289649203 ], [ -71.251863016245807, 42.359175491609307 ], [ -71.251891952352224, 42.359196935745977 ], [ -71.251973473413486, 42.359206114439459 ], [ -71.252017269239062, 42.359210710310663 ], [ -71.252103600483053, 42.359154066170362 ], [ -71.252238511554978, 42.359139727368095 ], [ -71.25227712674635, 42.359111114081401 ], [ -71.252296450367353, 42.359068392319166 ], [ -71.252286678300507, 42.358996911387962 ] ] ], [ [ [ -71.258565833021123, 42.354218785575824 ], [ -71.258556180117225, 42.354275325352646 ], [ -71.258532585823019, 42.354295532162709 ], [ -71.258479123902305, 42.354339871326864 ], [ -71.258468108381606, 42.354343786923138 ], [ -71.258440570319451, 42.354353857249059 ], [ -71.258257553391573, 42.354354035261395 ], [ -71.258175157190323, 42.354333515972087 ], [ -71.258565833021123, 42.354218785575824 ] ] ] ] } },
{ "type": "Feature", "properties": { }, "geometry": { "type": "MultiPolygon", "coordinates": [ [ [ [ -71.263520865153922, 42.354487776342033 ], [ -71.264289863568266, 42.355019776647318 ], [ -71.264478324428495, 42.355086816586557 ], [ -71.26440401471659, 42.355181550073119 ], [ -71.264146839505074, 42.355486556108474 ], [ -71.264035985158458, 42.355562852647409 ], [ -71.263993813576846, 42.355580771736001 ], [ -71.263957796226407, 42.355576196387496 ], [ -71.263903810413098, 42.355558079897904 ], [ -71.26385573702386, 42.355531535380081 ], [ -71.26384371670261, 42.355500000811858 ], [ -71.263904327296117, 42.355419662559861 ], [ -71.264079320777213, 42.355232650513535 ], [ -71.264103772631913, 42.35513479498146 ], [ -71.264104022455854, 42.355067836994699 ], [ -71.264067932406135, 42.355031751647921 ], [ -71.263977927896278, 42.355009622537075 ], [ -71.263893737915723, 42.355004948267116 ], [ -71.2637919711471, 42.354933279324257 ], [ -71.263671891341133, 42.354839065588664 ], [ -71.263551935120844, 42.354762857627662 ], [ -71.263480083332624, 42.354704754157368 ], [ -71.263444332666353, 42.354628719274913 ], [ -71.263388529952294, 42.354539138877989 ], [ -71.263423289620135, 42.354474502603438 ], [ -71.263446660165357, 42.354434391050361 ], [ -71.263520865153922, 42.354487776342033 ] ] ] ] } },
{ "type": "Feature", "properties": { }, "geometry": { "type": "MultiPolygon", "coordinates": [ [ [ [ -71.257477642671148, 42.354911130703996 ], [ -71.257545023774412, 42.354946721441834 ], [ -71.257545022305877, 42.354996799657435 ], [ -71.257458291470016, 42.355061324539854 ], [ -71.257304260621268, 42.355118392519771 ], [ -71.257054074818527, 42.355125741614494 ], [ -71.257018060391403, 42.355120601419863 ], [ -71.256899967623838, 42.355104034167127 ], [ -71.256739516576971, 42.35510425747897 ], [ -71.256630275198205, 42.355104026298001 ], [ -71.2566213883063, 42.355097255367227 ], [ -71.256572784667583, 42.355061141169422 ], [ -71.256572509948356, 42.355034132109786 ], [ -71.256572570605627, 42.355018377292637 ], [ -71.256698019996691, 42.354946620219472 ], [ -71.256852047743365, 42.354939631263086 ], [ -71.257044411333339, 42.354975486538741 ], [ -71.257227430062102, 42.354975310456723 ], [ -71.257429471010241, 42.354911029082835 ], [ -71.257477642671148, 42.354911130703996 ] ] ] ] } },
{ "type": "Feature", "properties": { }, "geometry": { "type": "MultiPolygon", "coordinates": [ [ [ [ -71.257396927089999, 42.354559583113605 ], [ -71.257497137901225, 42.354575253868354 ], [ -71.257583646546408, 42.354618199725721 ], [ -71.257622195237403, 42.354704370524608 ], [ -71.257583638591285, 42.354768434374037 ], [ -71.257497128234277, 42.354775566736159 ], [ -71.257441230805853, 42.354762507261555 ], [ -71.257285285534877, 42.354725604179748 ], [ -71.257102295629451, 42.354718465616564 ], [ -71.257073550369597, 42.354697023172058 ], [ -71.257064237858913, 42.354652552039255 ], [ -71.257063861832208, 42.354650741556156 ], [ -71.257396927089999, 42.354559583113605 ] ] ] ] } },
{ "type": "Feature", "properties": { }, "geometry": { "type": "MultiPolygon", "coordinates": [ [ [ [ -71.258170872739385, 42.354334774183968 ], [ -71.258175157190323, 42.354333515972087 ], [ -71.258257553391573, 42.354354035261395 ], [ -71.258440570319451, 42.354353857249059 ], [ -71.258468108381606, 42.354343786923138 ], [ -71.258479123902305, 42.354339871326864 ], [ -71.258532585823019, 42.354295532162709 ], [ -71.258556180117225, 42.354275325352646 ], [ -71.258565833021123, 42.354218785575824 ], [ -71.25856587331009, 42.354218773744009 ], [ -71.2591508730725, 42.354067774606307 ], [ -71.259293531401539, 42.354017249472598 ], [ -71.259124029712751, 42.354268638960441 ], [ -71.258883300218159, 42.354532592394911 ], [ -71.258681016563301, 42.354711099168803 ], [ -71.258606457998255, 42.354717132096809 ], [ -71.258584833749609, 42.35471821204694 ], [ -71.258575566787798, 42.354711440468911 ], [ -71.25854625176666, 42.354689997197248 ], [ -71.258507699676912, 42.354604389380206 ], [ -71.258440483923991, 42.354525473449534 ], [ -71.258386063831992, 42.354522545717046 ], [ -71.258315527808548, 42.354518458729608 ], [ -71.258045808814657, 42.354575847137525 ], [ -71.257920446877506, 42.354575583254373 ], [ -71.257786039162298, 42.354511155038736 ], [ -71.257722622889574, 42.354460562931379 ], [ -71.258170872739385, 42.354334774183968 ] ] ] ] } },
{ "type": "Feature", "properties": { }, "geometry": { "type": "MultiPolygon", "coordinates": [ [ [ [ -71.245480865807878, 42.358184763144585 ], [ -71.246157867777484, 42.357991764212194 ], [ -71.246158340489359, 42.357991634933903 ], [ -71.246158182721118, 42.358030930791145 ], [ -71.246312445549435, 42.358156748229767 ], [ -71.246574714053864, 42.358214157123193 ], [ -71.246775192043387, 42.358214036304197 ], [ -71.247099088014451, 42.358180426176858 ], [ -71.247361246698972, 42.358123047042469 ], [ -71.247546254978189, 42.358054807027543 ], [ -71.247731535542599, 42.357917920786292 ], [ -71.24777799013566, 42.35782630647553 ], [ -71.247777968534209, 42.357689013369992 ], [ -71.247701201825492, 42.357569673521688 ], [ -71.249007669197169, 42.357200391716319 ], [ -71.249197291339556, 42.357244228767044 ], [ -71.249503324053634, 42.35736137019417 ], [ -71.249592682053333, 42.357450467794465 ], [ -71.249688264465505, 42.357596409200724 ], [ -71.249707404610859, 42.357696044613704 ], [ -71.249649511905318, 42.357803389726222 ], [ -71.249528180164617, 42.357933103633783 ], [ -71.249501459963156, 42.357975246132099 ], [ -71.249458708616785, 42.358090501611557 ], [ -71.24930443727331, 42.358204388531327 ], [ -71.249119421942595, 42.358227054566903 ], [ -71.249057742629617, 42.358284312909703 ], [ -71.249011450087579, 42.358478897852137 ], [ -71.249134449590187, 42.358741936227304 ], [ -71.249119003856478, 42.358810549024376 ], [ -71.248393562481283, 42.359324374764526 ], [ -71.24803886587091, 42.359518283757872 ], [ -71.247853564872941, 42.359564016859835 ], [ -71.247668637118906, 42.359563611031056 ], [ -71.24742195923605, 42.359494985400552 ], [ -71.247036373539032, 42.359254437343026 ], [ -71.24632713329656, 42.359128522766369 ], [ -71.246034031469307, 42.359002398690428 ], [ -71.245833816916544, 42.358842156042748 ], [ -71.245787560023075, 42.358647930392458 ], [ -71.245525652446574, 42.358453227465134 ], [ -71.245480677169041, 42.358184814831269 ], [ -71.245480865807878, 42.358184763144585 ] ] ] ] } },
{ "type": "Feature", "properties": { }, "geometry": { "type": "MultiPolygon", "coordinates": [ [ [ [ -71.251871585193271, 42.359070289649203 ], [ -71.251872787841961, 42.35905397463408 ], [ -71.251884014822224, 42.359044433364865 ], [ -71.252017413661861, 42.358932185895377 ], [ -71.252123196644092, 42.358896965384361 ], [ -71.252181046832234, 42.35889652740493 ], [ -71.25224842920025, 42.358932121214302 ], [ -71.252286678300507, 42.358996911387962 ], [ -71.252296450367353, 42.359068392319166 ], [ -71.25227712674635, 42.359111114081401 ], [ -71.252238511554978, 42.359139727368095 ], [ -71.252103600483053, 42.359154066170362 ], [ -71.252017269239062, 42.359210710310663 ], [ -71.251973473413486, 42.359206114439459 ], [ -71.251891952352224, 42.359196935745977 ], [ -71.251863016245807, 42.359175491609307 ], [ -71.251871585193271, 42.359070289649203 ] ] ] ] } },
{ "type": "Feature", "properties": { }, "geometry": { "type": "MultiPolygon", "coordinates": [ [ [ [ -71.257726458352906, 42.358032821392719 ], [ -71.257765039852842, 42.358061599167804 ], [ -71.257765065370322, 42.358104362614306 ], [ -71.257726508010876, 42.358168426466115 ], [ -71.257639880409627, 42.358254333362808 ], [ -71.2574664940052, 42.358361438918813 ], [ -71.257225722301641, 42.358432953354118 ], [ -71.257091193804513, 42.358447298811051 ], [ -71.257023565806023, 42.358425774226149 ], [ -71.256917843404509, 42.358347338776206 ], [ -71.256898585581212, 42.358225759999819 ], [ -71.256927307433514, 42.358204439025464 ], [ -71.257254859220012, 42.358204568332809 ], [ -71.25763991550842, 42.358047268589885 ], [ -71.257726458352906, 42.358032821392719 ] ] ] ] } },
{ "type": "Feature", "properties": { }, "geometry": { "type": "MultiPolygon", "coordinates": [ [ [ [ -71.25429398807492, 42.355860921453122 ], [ -71.254271446966683, 42.355853558485094 ], [ -71.254204004539659, 42.355882673509171 ], [ -71.254001787533895, 42.356039227796479 ], [ -71.253952515879078, 42.356028994189408 ], [ -71.253917618820694, 42.356028919505619 ], [ -71.253761253433325, 42.355953748752199 ], [ -71.25374964297923, 42.355964414741116 ], [ -71.253722612347801, 42.355989677291127 ], [ -71.253741776608464, 42.356182153720091 ], [ -71.253684248297233, 42.356246738294026 ], [ -71.253587683877299, 42.356253846179477 ], [ -71.25354428185436, 42.356245875683626 ], [ -71.253510736719974, 42.356239614332573 ], [ -71.253404967462416, 42.356175242409691 ], [ -71.253347323330047, 42.356074962337509 ], [ -71.253355762475692, 42.355953442301782 ], [ -71.253399100371979, 42.355880387304552 ], [ -71.253549764062043, 42.355617940374678 ], [ -71.253566532801855, 42.355597719958737 ], [ -71.253680293586385, 42.355460670633846 ], [ -71.25370657074599, 42.355433718447365 ], [ -71.253771312401923, 42.355367461270568 ], [ -71.253800060302453, 42.355339389000278 ], [ -71.253979409643492, 42.355210357274657 ], [ -71.254146779048483, 42.355089177124526 ], [ -71.254166609398041, 42.355110601239666 ], [ -71.25420507280208, 42.355217592038571 ], [ -71.25429398807492, 42.355860921453122 ] ] ] ] } },
{ "type": "Feature", "properties": { }, "geometry": { "type": "MultiPolygon", "coordinates": [ [ [ [ -71.261182870190581, 42.353678775277039 ], [ -71.261245870261988, 42.353703775532011 ], [ -71.261325870292481, 42.353748775713477 ], [ -71.26140786939672, 42.353794775699811 ], [ -71.261661869186796, 42.353909775266501 ], [ -71.262079868106952, 42.35406077575346 ], [ -71.262445153991479, 42.354204494853136 ], [ -71.262445304879805, 42.354204652019014 ], [ -71.262397025908797, 42.354233248762824 ], [ -71.26224302800081, 42.354232930407584 ], [ -71.262127419753938, 42.354211309567248 ], [ -71.261752171485625, 42.35404004156662 ], [ -71.261223007766915, 42.353847071064486 ], [ -71.261030400599026, 42.353825851854772 ], [ -71.261073053982599, 42.353717928183798 ], [ -71.261069282652812, 42.35365541366253 ], [ -71.261182870190581, 42.353678775277039 ] ] ] ] } },
{ "type": "Feature", "properties": { }, "geometry": { "type": "MultiPolygon", "coordinates": [ [ [ [ -71.248885398644944, 42.361611040698087 ], [ -71.250118846412079, 42.362096504592564 ], [ -71.250176653605052, 42.362203538611894 ], [ -71.250272888644787, 42.36228252226784 ], [ -71.250475090816053, 42.362425318203663 ], [ -71.250657918551724, 42.362575386553473 ], [ -71.250753987168565, 42.362696570120782 ], [ -71.250984957355271, 42.362904135205177 ], [ -71.251042662789857, 42.362989786866066 ], [ -71.251042811130944, 42.363096695577063 ], [ -71.250898291976569, 42.363332706403774 ], [ -71.250744010004794, 42.363447157930004 ], [ -71.250484103404389, 42.363554065323846 ], [ -71.250329940652776, 42.363589741955934 ], [ -71.250204722575987, 42.36359678480089 ], [ -71.25003143622979, 42.363575589245691 ], [ -71.249867674065072, 42.363496458434007 ], [ -71.249790727472345, 42.3634321459365 ], [ -71.249723406007874, 42.363332405773022 ], [ -71.249675469403726, 42.363175314858474 ], [ -71.249627547603112, 42.362775148011423 ], [ -71.249539645055378, 42.362556075618166 ], [ -71.249501271624439, 42.362522794123791 ], [ -71.249439858124504, 42.362559796874642 ], [ -71.249336107048421, 42.362606835438804 ], [ -71.249084847456942, 42.362685624528858 ], [ -71.248884363642233, 42.362731326134934 ], [ -71.248714745562197, 42.362742208971163 ], [ -71.248576035005811, 42.362708145100207 ], [ -71.24815988749765, 42.362467534183942 ], [ -71.248067223789278, 42.362444824089948 ], [ -71.24780503495063, 42.362410488583471 ], [ -71.247450176768936, 42.362307302449871 ], [ -71.247218907574378, 42.362272470858564 ], [ -71.246879572942888, 42.362272286789022 ], [ -71.246740826121965, 42.362295050884825 ], [ -71.246524984919702, 42.36238629129442 ], [ -71.246246899594581, 42.362626503018575 ], [ -71.246200486694761, 42.362706300524351 ], [ -71.246185044421651, 42.362820489628795 ], [ -71.246107803680189, 42.362877711984623 ], [ -71.246061581010352, 42.36295750985083 ], [ -71.246046054875052, 42.363186484614374 ], [ -71.24606092307738, 42.363735126352196 ], [ -71.246029525402164, 42.364420958673158 ], [ -71.24592117795298, 42.364855104832174 ], [ -71.245936445631457, 42.365209624198677 ], [ -71.245997864974584, 42.365266590162058 ], [ -71.246059702091145, 42.365266726783688 ], [ -71.246121526505007, 42.365175709903127 ], [ -71.246276311313807, 42.364467080386262 ], [ -71.246276527513984, 42.364318534488483 ], [ -71.246353437297245, 42.364249495114663 ], [ -71.246446192088882, 42.364249699749408 ], [ -71.24647682886345, 42.364272837026242 ], [ -71.246476940157763, 42.364387060432023 ], [ -71.246337463866837, 42.365015824076359 ], [ -71.246152005048629, 42.365427293184247 ], [ -71.246121106072351, 42.365563955098743 ], [ -71.246136123781525, 42.366169989756195 ], [ -71.246042965915308, 42.366741462200189 ], [ -71.245841871691397, 42.367312695909952 ], [ -71.24567176261543, 42.368055613700719 ], [ -71.245455338809037, 42.368616121839182 ], [ -71.245316174254796, 42.368833006212355 ], [ -71.245100222493704, 42.368992889988029 ], [ -71.244884063708554, 42.36901548017218 ], [ -71.244822457750203, 42.369004089938016 ], [ -71.244529399973189, 42.368809316137366 ], [ -71.244313712646658, 42.368809399291742 ], [ -71.244113021485774, 42.368900668795504 ], [ -71.243788899646376, 42.369163278834307 ], [ -71.243433850718702, 42.369380242250067 ], [ -71.242553752003829, 42.370191340143649 ], [ -71.242476503915327, 42.370294136652262 ], [ -71.242478859701976, 42.37032115032887 ], [ -71.24185344197771, 42.369987769395621 ], [ -71.242276555809468, 42.369596534205037 ], [ -71.243280091505568, 42.36875139086785 ], [ -71.244036551524303, 42.368203344006268 ], [ -71.244237087796549, 42.368009104712982 ], [ -71.244376111414311, 42.367780405106537 ], [ -71.244530720389875, 42.367403193678108 ], [ -71.244700813647512, 42.366854963090326 ], [ -71.244933323107574, 42.365551760184907 ], [ -71.245057147138965, 42.365186295753844 ], [ -71.245057320822582, 42.365049003293642 ], [ -71.245181249565064, 42.364374629982095 ], [ -71.245181575959705, 42.363917175348234 ], [ -71.245166397883935, 42.363494572195549 ], [ -71.245120602407169, 42.363185561635632 ], [ -71.245152302979534, 42.362191383605392 ], [ -71.245229389360063, 42.36203119183665 ], [ -71.24539927196993, 42.361859952070361 ], [ -71.2454148095389, 42.36172269353851 ], [ -71.245306826327479, 42.361642554325947 ], [ -71.245229908207548, 42.361619876824541 ], [ -71.244998504309123, 42.361619363694444 ], [ -71.244875249247031, 42.361516683149837 ], [ -71.244751847555122, 42.361356609184753 ], [ -71.244582453831981, 42.361218939934197 ], [ -71.244536300404221, 42.361093360595397 ], [ -71.244459143219132, 42.361036358798827 ], [ -71.244227829804728, 42.360967197826099 ], [ -71.244042883411723, 42.360830055831102 ], [ -71.243811834095482, 42.360555517796506 ], [ -71.243518953333265, 42.360280841323124 ], [ -71.243226116553686, 42.359949333874894 ], [ -71.243210881278088, 42.359777683568595 ], [ -71.243257300087677, 42.359743464007856 ], [ -71.243318753066987, 42.35974360125774 ], [ -71.243488567976897, 42.359869457168344 ], [ -71.243658008190749, 42.360040888765162 ], [ -71.243812131867543, 42.360201032441779 ], [ -71.244182118013271, 42.360498386851823 ], [ -71.244906350983385, 42.361048042999919 ], [ -71.245122451793236, 42.361173999158446 ], [ -71.245214709013766, 42.361390833983201 ], [ -71.245322409376016, 42.361494042379384 ], [ -71.245507451083355, 42.361608675455486 ], [ -71.245954864921089, 42.361711509538814 ], [ -71.246525511765313, 42.36173471370347 ], [ -71.247173255570416, 42.361735577601578 ], [ -71.247420018300318, 42.3616899806756 ], [ -71.247682282277367, 42.361610094013926 ], [ -71.247821126853012, 42.361609836036948 ], [ -71.248129463213473, 42.361724735313622 ], [ -71.248376241163129, 42.361770289875992 ], [ -71.248561175372629, 42.361770694566239 ], [ -71.248730973037581, 42.361713672924786 ], [ -71.248885398644944, 42.361611040698087 ] ] ] ] } },
{ "type": "Feature", "properties": { }, "geometry": { "type": "MultiPolygon", "coordinates": [ [ [ [ -71.270962834579237, 42.363028776282526 ], [ -71.27112583499148, 42.363043776304806 ], [ -71.271315834252192, 42.363075776672972 ], [ -71.271413834648399, 42.363083776059625 ], [ -71.271448833565344, 42.363105776461062 ], [ -71.271508833683569, 42.363162776322199 ], [ -71.271558833436202, 42.363223776036925 ], [ -71.271651833621561, 42.363389776209864 ], [ -71.271666833129686, 42.363423776276569 ], [ -71.271699832991629, 42.363527776472367 ], [ -71.271721832217168, 42.363559776500338 ], [ -71.271776832748913, 42.363618776615283 ], [ -71.271911831644644, 42.363721776362979 ], [ -71.272132830655906, 42.363912775947384 ], [ -71.272216831155532, 42.364000776419765 ], [ -71.272373830796042, 42.364181776260047 ], [ -71.272430829437212, 42.364355776401752 ], [ -71.272461829540603, 42.364496776612619 ], [ -71.272480829692682, 42.364527776643179 ], [ -71.272588828881339, 42.364600776126053 ], [ -71.272790828775257, 42.364756776244874 ], [ -71.272884828215666, 42.364838776691357 ], [ -71.273024828097263, 42.364937776024647 ], [ -71.273160827306526, 42.365040776239681 ], [ -71.273356827029559, 42.365200776054728 ], [ -71.273533825724627, 42.365372776653338 ], [ -71.273558826193323, 42.365402776399982 ], [ -71.273557825521081, 42.365437776414417 ], [ -71.273482825244628, 42.365718776224554 ], [ -71.273441824519509, 42.365821775702202 ], [ -71.273366824525894, 42.365953776398747 ], [ -71.27333382420548, 42.366020775904666 ], [ -71.273235823812712, 42.366144776300366 ], [ -71.273172824060623, 42.366240775828956 ], [ -71.272894823158509, 42.366738775072257 ], [ -71.27285182295752, 42.36680077523399 ], [ -71.272803823198529, 42.366809775038149 ], [ -71.272665823970229, 42.366845775484897 ], [ -71.272571823907029, 42.36686577569273 ], [ -71.272330823560225, 42.366895775087293 ], [ -71.272291823686501, 42.366915775007442 ], [ -71.272147824058749, 42.367012774906343 ], [ -71.272066824188684, 42.367053775175101 ], [ -71.27197982415295, 42.367085775097308 ], [ -71.271794824097881, 42.367131775231144 ], [ -71.27164982400636, 42.367144774625473 ], [ -71.271565824863757, 42.36713877488674 ], [ -71.271455824708951, 42.36712977499986 ], [ -71.271435824274718, 42.36715877467131 ], [ -71.271390825102429, 42.367261774449361 ], [ -71.271385150658091, 42.367271988226783 ], [ -71.271384241212786, 42.3672712214995 ], [ -71.271350766630206, 42.367243021207933 ], [ -71.271273606575321, 42.367178160164237 ], [ -71.271308576981085, 42.367159661445037 ], [ -71.271313845518137, 42.367119159336156 ], [ -71.271290791329776, 42.367094918471224 ], [ -71.271243780490209, 42.367085822168995 ], [ -71.27119106406559, 42.367080653219027 ], [ -71.271143288374958, 42.367073243378265 ], [ -71.271095894722279, 42.367065271603224 ], [ -71.271050985928028, 42.367051678007542 ], [ -71.271006078367108, 42.367038084396697 ], [ -71.270958878223169, 42.36702898760074 ], [ -71.270912058907058, 42.367019328869169 ], [ -71.270867340786339, 42.367005735581323 ], [ -71.270823578995731, 42.366989893482518 ], [ -71.27077886295524, 42.36697573748939 ], [ -71.270732238388902, 42.366964953722892 ], [ -71.270697423046627, 42.366940689289081 ], [ -71.27066413546342, 42.366913614517074 ], [ -71.2706222774259, 42.36689608811313 ], [ -71.270576990079419, 42.366882493576298 ], [ -71.270532465599629, 42.366867775194059 ], [ -71.270496718581796, 42.366839007440738 ], [ -71.270482605088617, 42.366703374629779 ], [ -71.270513772866664, 42.3666347904962 ], [ -71.270565373128662, 42.366581439342809 ], [ -71.270616779331291, 42.366581541893638 ], [ -71.270771182870661, 42.366635303890881 ], [ -71.270935446234958, 42.366742539432387 ], [ -71.271068818834934, 42.366841835796002 ], [ -71.271171654027356, 42.366888179806274 ], [ -71.271205558854035, 42.366901751463061 ], [ -71.271239424183534, 42.366926576527874 ], [ -71.271384341908856, 42.366980881499522 ], [ -71.271485767837774, 42.36699740065945 ], [ -71.271514712958606, 42.367018839816311 ], [ -71.27155086696591, 42.367040293286799 ], [ -71.271587118591242, 42.367034738548639 ], [ -71.271601728251071, 42.366981313458304 ], [ -71.271638362335977, 42.366922305355317 ], [ -71.271667559501822, 42.36687397329581 ], [ -71.271682093859766, 42.366841367013059 ], [ -71.271725628171609, 42.366815007721215 ], [ -71.271733280386144, 42.366744688555436 ], [ -71.271755001161196, 42.366718285950654 ], [ -71.271864175086023, 42.366637477406883 ], [ -71.271888780815601, 42.366599827002432 ], [ -71.271945069045174, 42.366561114077911 ], [ -71.272058671756497, 42.366462308534587 ], [ -71.272069299862139, 42.36635542137266 ], [ -71.272110545240139, 42.366332433445834 ], [ -71.272100659680277, 42.366233383072768 ], [ -71.272100935570322, 42.366156859831669 ], [ -71.272132019377395, 42.366111344760988 ], [ -71.272060351745026, 42.365996417041444 ], [ -71.272019269729, 42.365973828605505 ], [ -71.271998843685651, 42.36590457909049 ], [ -71.272060875214663, 42.365851247942985 ], [ -71.271968693578671, 42.365691265496835 ], [ -71.271804652595335, 42.365522700269899 ], [ -71.271701984975024, 42.365430780464138 ], [ -71.27169215385149, 42.365316537916435 ], [ -71.271630483548265, 42.365270276107921 ], [ -71.271692513552026, 42.365216945149157 ], [ -71.271692871219244, 42.365117915050668 ], [ -71.271610713080648, 42.365072175226061 ], [ -71.271517901223035, 42.365087183081727 ], [ -71.271435468595627, 42.365117403719672 ], [ -71.271332634052925, 42.365071622597249 ], [ -71.271281367514106, 42.365033258736574 ], [ -71.271085858178111, 42.365017677482165 ], [ -71.270951939976626, 42.365017410817948 ], [ -71.27080814048557, 42.364917530812882 ], [ -71.270767228145772, 42.364848802901349 ], [ -71.270788123795029, 42.364788075641741 ], [ -71.270726509769048, 42.364726621224328 ], [ -71.270788595087893, 42.364658098627807 ], [ -71.270809497116915, 42.364543354560986 ], [ -71.270881603380161, 42.364536183475373 ], [ -71.270922764403565, 42.3645362654796 ], [ -71.270933335948982, 42.364498024628752 ], [ -71.270882184605853, 42.364375822214342 ], [ -71.270872384892954, 42.364253702175908 ], [ -71.270862418800448, 42.364177158492318 ], [ -71.270913878105546, 42.364162068790385 ], [ -71.270996199665831, 42.364162232761124 ], [ -71.27102722825947, 42.364131910089277 ], [ -71.271037638827224, 42.364085791452347 ], [ -71.271120231157582, 42.364063448865707 ], [ -71.271140635343372, 42.36408599648432 ], [ -71.271222709585118, 42.36415480617417 ], [ -71.271284378502727, 42.364201068213191 ], [ -71.271366619925942, 42.364223738766349 ], [ -71.271449022941127, 42.364201395567783 ], [ -71.271428675574683, 42.364163093212689 ], [ -71.271336252935811, 42.36407119341002 ], [ -71.271171885841227, 42.363994342617595 ], [ -71.271079213195065, 42.363971651157648 ], [ -71.270976627229473, 42.363910115289173 ], [ -71.2708736310002, 42.363909910110266 ], [ -71.270791253469881, 42.36392493817057 ], [ -71.270770494813092, 42.36394796647533 ], [ -71.270739631478406, 42.36393271271583 ], [ -71.270866236779455, 42.363123838019213 ], [ -71.270887274823849, 42.363024955845518 ], [ -71.270962834579237, 42.363028776282526 ] ] ] ] } },
{ "type": "Feature", "properties": { }, "geometry": { "type": "MultiPolygon", "coordinates": [ [ [ [ -71.262473140875855, 42.377690769408339 ], [ -71.26246727004812, 42.377738584542911 ], [ -71.262467073383633, 42.377790912783716 ], [ -71.262416652261194, 42.377879711077377 ], [ -71.262386535725568, 42.377916785323684 ], [ -71.262366475422368, 42.377953880338552 ], [ -71.26232616411086, 42.378028069962909 ], [ -71.262305886806899, 42.378072479274664 ], [ -71.262285290791766, 42.378100570389869 ], [ -71.262245766783678, 42.378116806232555 ], [ -71.262185707986703, 42.378094175129128 ], [ -71.262105700072382, 42.378079380166021 ], [ -71.262055640449844, 42.378071961861821 ], [ -71.26199574485274, 42.378056645753063 ], [ -71.261915763370695, 42.378034535955457 ], [ -71.261885682965982, 42.378011966743479 ], [ -71.261875794164425, 42.377967495056573 ], [ -71.261875989198671, 42.377915729488031 ], [ -71.26189629552519, 42.377864005552894 ], [ -71.261916602723787, 42.377811718941835 ], [ -71.261926608220747, 42.377774603192371 ], [ -71.261936804339655, 42.377737487836299 ], [ -71.261936944219244, 42.377700351665609 ], [ -71.261957194113293, 42.377663257115486 ], [ -71.262027284164645, 42.37764145787834 ], [ -71.262097320315064, 42.377634288001865 ], [ -71.262157489653021, 42.377627097680282 ], [ -71.262197578615215, 42.377611988382085 ], [ -71.262267585985796, 42.377612133099937 ], [ -71.262307645287009, 42.377604901133161 ], [ -71.262357732072758, 42.377605004628002 ], [ -71.262407791361156, 42.377612422801612 ], [ -71.262473140875855, 42.377690769408339 ] ] ] ] } },
{ "type": "Feature", "properties": { }, "geometry": { "type": "MultiPolygon", "coordinates": [ [ [ [ -71.260321145539493, 42.368272201842522 ], [ -71.260371224932882, 42.368272306203963 ], [ -71.260411250812339, 42.368272389599007 ], [ -71.260441110161693, 42.36830227357121 ], [ -71.260491106433761, 42.36832432202732 ], [ -71.260550853910928, 42.368376212533107 ], [ -71.260600707505333, 42.368435959859312 ], [ -71.260650618717946, 42.368480515061933 ], [ -71.260640395638433, 42.368524945097334 ], [ -71.260610311430753, 42.36855470424414 ], [ -71.260550150545924, 42.368561893769616 ], [ -71.260500260315069, 42.36856178988053 ], [ -71.260469929982406, 42.368606178023754 ], [ -71.260439873376981, 42.368628622410377 ], [ -71.260349852924705, 42.368605927860749 ], [ -71.260309995385057, 42.368561393483162 ], [ -71.260270137901458, 42.368516859091315 ], [ -71.260250361036825, 42.36847968132296 ], [ -71.260220367794957, 42.368435167476839 ], [ -71.260220564154466, 42.368383401798589 ], [ -71.260230732015486, 42.368353601230048 ], [ -71.2602608163062, 42.368323842181162 ], [ -71.2602910613018, 42.368301960907523 ], [ -71.260321145539493, 42.368272201842522 ] ] ] ] } },
{ "type": "Feature", "properties": { }, "geometry": { "type": "MultiPolygon", "coordinates": [ [ [ [ -71.271663815906095, 42.370772773174643 ], [ -71.2717598158426, 42.370914772971439 ], [ -71.271759815303056, 42.371013773039536 ], [ -71.27170181559967, 42.371154773031449 ], [ -71.271702815126076, 42.371284773480468 ], [ -71.271730814362584, 42.371342772803651 ], [ -71.271769814981369, 42.371369773044854 ], [ -71.271923813779196, 42.37142077325116 ], [ -71.272202813996728, 42.371455773580692 ], [ -71.272304984732898, 42.371530955877049 ], [ -71.272256748416666, 42.371558281705987 ], [ -71.272294437093123, 42.371609434108166 ], [ -71.272289812488211, 42.371633773430631 ], [ -71.272154812788855, 42.371748773244619 ], [ -71.272077813218104, 42.371849773288027 ], [ -71.272077812289126, 42.371957773419297 ], [ -71.272106812754672, 42.372019772762499 ], [ -71.27218381170978, 42.372121772937732 ], [ -71.27228981194213, 42.372200773447261 ], [ -71.272741810460928, 42.372425772941156 ], [ -71.272914809598376, 42.3725627733414 ], [ -71.272944810083686, 42.372642772805115 ], [ -71.272924809830357, 42.372696773436118 ], [ -71.272789809640216, 42.372875772965635 ], [ -71.272789809427707, 42.372947772735607 ], [ -71.272857808921259, 42.372999772995378 ], [ -71.273001808930658, 42.372997773296014 ], [ -71.273088809044566, 42.373053773044006 ], [ -71.273271807634359, 42.37336077327069 ], [ -71.273461987951706, 42.373527181381128 ], [ -71.273372280092914, 42.373498897538298 ], [ -71.273208634395772, 42.373477756023057 ], [ -71.272958473415088, 42.37340580286088 ], [ -71.272785197002946, 42.373319934221371 ], [ -71.272679672188204, 42.373226884488489 ], [ -71.272381675607164, 42.373005164214739 ], [ -71.272371914089263, 42.372976448519097 ], [ -71.272121925705392, 42.3728049005557 ], [ -71.271814130911082, 42.372618607835648 ], [ -71.271602396896185, 42.372518594229135 ], [ -71.27116941466808, 42.372432207082525 ], [ -71.271053899725274, 42.372375147098793 ], [ -71.271005732057688, 42.372317658438945 ], [ -71.270977310488647, 42.372203378990562 ], [ -71.270996996882801, 42.371953590854154 ], [ -71.271064947073313, 42.37168195449015 ], [ -71.271171439474642, 42.371453720682467 ], [ -71.271229885488907, 42.371239458059662 ], [ -71.271413827791406, 42.37083976237674 ], [ -71.271481482488639, 42.370753807654289 ], [ -71.271558605893674, 42.370725264482985 ], [ -71.271583831591286, 42.370674793072133 ], [ -71.271663815906095, 42.370772773174643 ] ] ] ] } },
{ "type": "Feature", "properties": { }, "geometry": { "type": "MultiPolygon", "coordinates": [ [ [ [ -71.27150978626797, 42.383671768327623 ], [ -71.271492930284225, 42.383703966861603 ], [ -71.271362696816482, 42.383768772525137 ], [ -71.271090044884033, 42.383871199377559 ], [ -71.270737042367927, 42.383998223067046 ], [ -71.270489885412388, 42.38402867720648 ], [ -71.270480771665973, 42.38403034704055 ], [ -71.270248538928925, 42.384078835963372 ], [ -71.269943275997633, 42.384173880215855 ], [ -71.269707724730225, 42.384247681679561 ], [ -71.269268876263638, 42.384395347859083 ], [ -71.269218109314167, 42.384476270878807 ], [ -71.269206085312931, 42.384495377624489 ], [ -71.269094777346538, 42.384579555143596 ], [ -71.269024583933231, 42.38457603818847 ], [ -71.268884765820772, 42.38456956796491 ], [ -71.268822515509669, 42.384573381588716 ], [ -71.268741774711188, 42.384444929941097 ], [ -71.268728335591248, 42.384384134278001 ], [ -71.268746795938767, 42.384265447461615 ], [ -71.26876574835596, 42.384167580517129 ], [ -71.26879627790251, 42.38401740827716 ], [ -71.268771121605695, 42.383995413477919 ], [ -71.268944223636154, 42.383928240579934 ], [ -71.269060115294195, 42.383835632307672 ], [ -71.269147272003337, 42.383714269945486 ], [ -71.269195503913224, 42.383600144166344 ], [ -71.269263234444423, 42.383550202170277 ], [ -71.269446567788762, 42.383486425072007 ], [ -71.269591162296337, 42.38337924429181 ], [ -71.269668639116176, 42.383257862136141 ], [ -71.26973623072594, 42.383193852761764 ], [ -71.269784556346238, 42.383157938429946 ], [ -71.269880831157678, 42.383136749502491 ], [ -71.270179430290867, 42.383151413282519 ], [ -71.270379814801217, 42.383198515297046 ], [ -71.270384537540963, 42.383204151451949 ], [ -71.270477077888884, 42.3832712941945 ], [ -71.270622834258674, 42.383313785387983 ], [ -71.270730071673, 42.383304433737763 ], [ -71.270895850905745, 42.38326706496165 ], [ -71.270938964952904, 42.383255334695107 ], [ -71.271045514611515, 42.383226287835448 ], [ -71.271163567880706, 42.383216957308562 ], [ -71.271287253638747, 42.383223955369225 ], [ -71.271409907582523, 42.383254020828687 ], [ -71.271427536787598, 42.383258557242087 ], [ -71.271546174907826, 42.383297054666947 ], [ -71.27170899827604, 42.383292567409292 ], [ -71.27150978626797, 42.383671768327623 ] ] ] ] } },
{ "type": "Feature", "properties": { }, "geometry": { "type": "MultiPolygon", "coordinates": [ [ [ [ -71.267733777303221, 42.390132764557336 ], [ -71.269337698192913, 42.390663322026633 ], [ -71.26920047205617, 42.390656064462966 ], [ -71.268400336650842, 42.390526167310647 ], [ -71.268166126648822, 42.390486308552525 ], [ -71.268040000534327, 42.390468048821482 ], [ -71.267863807678125, 42.390441810533396 ], [ -71.267677792900955, 42.390403173359829 ], [ -71.267301345350901, 42.390340518641239 ], [ -71.266964319600191, 42.390342649816802 ], [ -71.266799866693788, 42.390271982595991 ], [ -71.266597163311971, 42.390230496482289 ], [ -71.26643222176989, 42.39013844620775 ], [ -71.266200976527671, 42.390118282977241 ], [ -71.266094623395745, 42.390090495867945 ], [ -71.266007351412668, 42.390034051201241 ], [ -71.265987475010263, 42.389969866168634 ], [ -71.266092048650762, 42.389811968008864 ], [ -71.266128737475228, 42.389640427639513 ], [ -71.266159404075424, 42.389609543016476 ], [ -71.266186070230006, 42.389582588958824 ], [ -71.266310903654826, 42.389538954183571 ], [ -71.266320143152214, 42.389503524614163 ], [ -71.266406839554847, 42.389509890073434 ], [ -71.266502854374551, 42.389459444506635 ], [ -71.266704379920967, 42.389408087527592 ], [ -71.266868335080702, 42.389407294549251 ], [ -71.267360232553841, 42.389447677350127 ], [ -71.268016997351637, 42.389600925012111 ], [ -71.268033966993727, 42.389599826633223 ], [ -71.267733777303221, 42.390132764557336 ] ] ] ] } },
{ "type": "Feature", "properties": { }, "geometry": { "type": "MultiPolygon", "coordinates": [ [ [ [ -71.257777887814711, 42.387777583168429 ], [ -71.257604536046742, 42.38775583648885 ], [ -71.257556448246859, 42.387727038862252 ], [ -71.257518587132807, 42.387505828793969 ], [ -71.257566922985802, 42.387469919628089 ], [ -71.257634502836538, 42.387462747282079 ], [ -71.257682427856381, 42.387484229793365 ], [ -71.257770071752901, 42.387589071446264 ], [ -71.257826360821127, 42.387656147975164 ], [ -71.257826143035444, 42.387712977432273 ], [ -71.257777887814711, 42.387777583168429 ] ] ] ] } },
{ "type": "Feature", "properties": { }, "geometry": { "type": "MultiPolygon", "coordinates": [ [ [ [ -71.259132891421913, 42.401029091855968 ], [ -71.259202545734553, 42.401029237639655 ], [ -71.259243126510398, 42.401038325284453 ], [ -71.25929527271947, 42.401050813132521 ], [ -71.259347142516503, 42.401085807204282 ], [ -71.259358665981821, 42.401149975755857 ], [ -71.259358485960007, 42.401197239711799 ], [ -71.25934087707698, 42.401236027157772 ], [ -71.259329152080028, 42.401274826907304 ], [ -71.259328957032082, 42.401326029524668 ], [ -71.259294059392559, 42.401369282165689 ], [ -71.259270551494708, 42.401411995953687 ], [ -71.259206649867522, 42.401446185156573 ], [ -71.25912550876474, 42.401471898178798 ], [ -71.259055840158496, 42.401475691013829 ], [ -71.258992116501176, 42.401463178811191 ], [ -71.258957598520865, 42.401406839449372 ], [ -71.258946251093064, 42.40134660992377 ], [ -71.258957991365094, 42.401303871551001 ], [ -71.258963931433513, 42.401239176872743 ], [ -71.258946955238869, 42.401162055434902 ], [ -71.258958663276076, 42.401127757052336 ], [ -71.258981997746574, 42.401080541596535 ], [ -71.259028423148195, 42.401050254613679 ], [ -71.259080663730586, 42.401037985248202 ], [ -71.259132891421913, 42.401029091855968 ] ] ] ] } },
{ "type": "Feature", "properties": { }, "geometry": { "type": "MultiPolygon", "coordinates": [ [ [ [ -71.265870128062886, 42.397057600358792 ], [ -71.265910740602664, 42.397057682992561 ], [ -71.265968608064128, 42.397062302078233 ], [ -71.266026665880673, 42.397066358850822 ], [ -71.266101944096974, 42.397083954706581 ], [ -71.266130871138614, 42.397113835071679 ], [ -71.26613069619026, 42.397161099081949 ], [ -71.266101546248393, 42.397191424063173 ], [ -71.266070168029515, 42.397208803073262 ], [ -71.266008599633778, 42.397230059379432 ], [ -71.265921634417069, 42.397242261251769 ], [ -71.265817220553515, 42.397251051520136 ], [ -71.265724386339784, 42.397259302600972 ], [ -71.26559109429067, 42.397276473926375 ], [ -71.265532975756031, 42.397288734270305 ], [ -71.265446021685221, 42.397297559780057 ], [ -71.265382223667004, 42.397305869772794 ], [ -71.26530101377638, 42.397301202781421 ], [ -71.265219913048085, 42.397318480125143 ], [ -71.26515021470604, 42.397331279317704 ], [ -71.265057363549275, 42.397344031194315 ], [ -71.264947241893708, 42.397356747715918 ], [ -71.264883443750207, 42.397365057432069 ], [ -71.264808067976915, 42.397373343447818 ], [ -71.264709396003781, 42.397369203014911 ], [ -71.264686356369737, 42.39733877166276 ], [ -71.264686467435325, 42.397308950325495 ], [ -71.264686580596404, 42.397278566321305 ], [ -71.264704199766086, 42.397235839354963 ], [ -71.264756534558259, 42.397197122065407 ], [ -71.264820349304046, 42.397184311085212 ], [ -71.26491320027408, 42.397171559399425 ], [ -71.2649654051136, 42.397167727353867 ], [ -71.26502333626199, 42.397154904242505 ], [ -71.265081442220108, 42.3971460201562 ], [ -71.265133457550732, 42.39714218764756 ], [ -71.265197255436505, 42.397133877792406 ], [ -71.265249462318252, 42.3971294829512 ], [ -71.265330720050798, 42.397121208643341 ], [ -71.265388825934863, 42.397112324401775 ], [ -71.265458349130611, 42.397095586010394 ], [ -71.265522146926642, 42.397087275975061 ], [ -71.265580236051704, 42.397082892971085 ], [ -71.265626573956766, 42.397074547304122 ], [ -71.265707833655867, 42.397065710063082 ], [ -71.265748256723171, 42.39706579236838 ], [ -71.265788885082969, 42.397061936380091 ], [ -71.265870128062886, 42.397057600358792 ] ] ] ] } },
{ "type": "Feature", "properties": { }, "geometry": { "type": "MultiPolygon", "coordinates": [ [ [ [ -71.212919765783965, 42.37014371770605 ], [ -71.213659723458917, 42.369522757336 ], [ -71.213645948798387, 42.369674518768861 ], [ -71.213475888517635, 42.369903104071696 ], [ -71.213259766658993, 42.37003985811063 ], [ -71.213043712430675, 42.370119781669658 ], [ -71.212918273934989, 42.370144970713319 ], [ -71.212919765783965, 42.37014371770605 ] ] ] ] } },
{ "type": "Feature", "properties": { }, "geometry": { "type": "MultiPolygon", "coordinates": [ [ [ [ -71.241890333825921, 42.386040941793361 ], [ -71.24190959693496, 42.386016790091496 ], [ -71.242217852616676, 42.385852618349617 ], [ -71.242314173241709, 42.385823575239982 ], [ -71.24281505170913, 42.385651955963354 ], [ -71.243113746743802, 42.385644746203567 ], [ -71.243296813554494, 42.385701422322249 ], [ -71.243480114627644, 42.385794109741212 ], [ -71.243624588951434, 42.385822565588811 ], [ -71.243865690610733, 42.385886684921267 ], [ -71.243952468420915, 42.38596508971888 ], [ -71.243933453199617, 42.386115281049676 ], [ -71.243817984638284, 42.386187045997325 ], [ -71.243567545520648, 42.386272576746236 ], [ -71.243095415456651, 42.386373366725373 ], [ -71.242343781430137, 42.386473528843602 ], [ -71.242112471456807, 42.386474135677496 ], [ -71.241996839504793, 42.38644574265296 ], [ -71.241881091835438, 42.386352641865152 ], [ -71.241794243859999, 42.386245539029687 ], [ -71.241784478214385, 42.386174057636161 ], [ -71.241890333825921, 42.386040941793361 ] ] ] ] } },
{ "type": "Feature", "properties": { }, "geometry": { "type": "MultiPolygon", "coordinates": [ [ [ [ -71.236138554467146, 42.372968225481912 ], [ -71.236264872737706, 42.372793523462384 ], [ -71.23634981767988, 42.372804409114408 ], [ -71.236673556255226, 42.372918811376678 ], [ -71.236781689867158, 42.372919058997759 ], [ -71.237151911120236, 42.372850697021008 ], [ -71.237692204854639, 42.372714075689494 ], [ -71.238077838400997, 42.372588353069872 ], [ -71.239049992694333, 42.372155053459601 ], [ -71.239466822755276, 42.371915173995149 ], [ -71.240007190119954, 42.371480886951538 ], [ -71.240377629546145, 42.371263968918193 ], [ -71.240856191491943, 42.370910000775915 ], [ -71.24185344197771, 42.369987769395621 ], [ -71.242478859701976, 42.37032115032887 ], [ -71.242491739731193, 42.370465786649554 ], [ -71.242753929120909, 42.370694256992948 ], [ -71.24276939418138, 42.370762937938728 ], [ -71.242692141864424, 42.370820157901932 ], [ -71.24219831097686, 42.371059876421938 ], [ -71.241920173382042, 42.371299514549442 ], [ -71.241842972137945, 42.371436633884009 ], [ -71.241750127498506, 42.37168794101553 ], [ -71.241719218928182, 42.371916880229733 ], [ -71.241549439676675, 42.372053791328376 ], [ -71.241395068746414, 42.372133906682222 ], [ -71.240499948221398, 42.372521823324732 ], [ -71.24003692599959, 42.372784109048851 ], [ -71.239542927891094, 42.373012562249485 ], [ -71.238678847610515, 42.373320635211549 ], [ -71.237675842064689, 42.373594061626846 ], [ -71.237259235144009, 42.373639249629619 ], [ -71.237043151307518, 42.373639318283672 ], [ -71.23667297545768, 42.373604710546381 ], [ -71.236441717810806, 42.373558603990048 ], [ -71.236379872061832, 42.373512885546205 ], [ -71.236303233591883, 42.373284263854295 ], [ -71.236179733138371, 42.373147250559448 ], [ -71.236149147655652, 42.372975564565735 ], [ -71.236138554467146, 42.372968225481912 ] ] ] ] } },
{ "type": "Feature", "properties": { }, "geometry": { "type": "MultiPolygon", "coordinates": [ [ [ [ -71.22972284675599, 42.389176335237636 ], [ -71.22979034041731, 42.38919056066289 ], [ -71.229867518732874, 42.389247571931506 ], [ -71.229848439013864, 42.389405075496683 ], [ -71.229896633768831, 42.389583555972038 ], [ -71.22986779704847, 42.389626251370004 ], [ -71.22980031073746, 42.389654789139918 ], [ -71.229684804163668, 42.389641013550374 ], [ -71.229559489932072, 42.38956925948586 ], [ -71.229443752450038, 42.389476708920739 ], [ -71.229414676820141, 42.389397866321538 ], [ -71.229347243266446, 42.389369573998287 ], [ -71.229318266893941, 42.389312113172949 ], [ -71.229318228056826, 42.389276664694123 ], [ -71.229375847975263, 42.389248103987455 ], [ -71.229568700752196, 42.389190602351704 ], [ -71.22972284675599, 42.389176335237636 ] ] ] ] } },
{ "type": "Feature", "properties": { }, "geometry": { "type": "MultiPolygon", "coordinates": [ [ [ [ -71.235756185909821, 42.385109289729584 ], [ -71.235609730652328, 42.384875443696274 ], [ -71.235452158983875, 42.38462300366885 ], [ -71.23528952702037, 42.38426533184515 ], [ -71.235220164588355, 42.383837540386999 ], [ -71.23521992508249, 42.383758765558717 ], [ -71.235258591432867, 42.38372340616219 ], [ -71.235480214286326, 42.383722790846875 ], [ -71.235615072544505, 42.383779931007574 ], [ -71.235672892873069, 42.383837456620455 ], [ -71.235634356143152, 42.38388744596098 ], [ -71.23553809775629, 42.383901291453505 ], [ -71.235470848266175, 42.38396584420741 ], [ -71.235490152607383, 42.384158885579041 ], [ -71.235750895120788, 42.384922470057141 ], [ -71.236146175190981, 42.385459042617917 ], [ -71.23615601618377, 42.385465254602828 ], [ -71.236233064957048, 42.385508194521762 ], [ -71.236493181272166, 42.385514980280512 ], [ -71.23654122982947, 42.385550538782972 ], [ -71.236531622238914, 42.385579213101245 ], [ -71.236406569102655, 42.38567233025622 ], [ -71.236281537468059, 42.385714806741689 ], [ -71.236223591535605, 42.385686540180217 ], [ -71.236107912493125, 42.385579366873536 ], [ -71.236011546037759, 42.385436789374538 ], [ -71.235866826198034, 42.385286785981656 ], [ -71.235756185909821, 42.385109289729584 ] ] ] ] } },
{ "type": "Feature", "properties": { }, "geometry": { "type": "MultiPolygon", "coordinates": [ [ [ [ -71.233917532239161, 42.383892488880008 ], [ -71.233939060372094, 42.383916733650281 ], [ -71.234045076821232, 42.38397380891405 ], [ -71.234160602393857, 42.38398082813022 ], [ -71.234237698688148, 42.383966376830621 ], [ -71.234305019452265, 42.383930521303085 ], [ -71.234728887691546, 42.383844848204653 ], [ -71.235056295660655, 42.383730254990809 ], [ -71.235205486827212, 42.383627066731393 ], [ -71.235239318818998, 42.383658654345794 ], [ -71.235258591432867, 42.38372340616219 ], [ -71.23521992508249, 42.383758765558717 ], [ -71.235220164588355, 42.383837540386999 ], [ -71.23528952702037, 42.38426533184515 ], [ -71.235452158983875, 42.38462300366885 ], [ -71.235609730652328, 42.384875443696274 ], [ -71.235756185909821, 42.385109289729584 ], [ -71.23522123349376, 42.385122126031376 ], [ -71.235173278131512, 42.385200789852313 ], [ -71.235202190110911, 42.385365157011123 ], [ -71.235183087443858, 42.385486087757997 ], [ -71.235154153962654, 42.385507965377677 ], [ -71.234662632806192, 42.385479823966648 ], [ -71.234267557669384, 42.38539394802708 ], [ -71.233756518059749, 42.385180075464284 ], [ -71.233525307478089, 42.385023116737713 ], [ -71.233467167245067, 42.38495152248543 ], [ -71.233447816221201, 42.384815873365419 ], [ -71.233486505944171, 42.384730436698014 ], [ -71.233630433767914, 42.384301450422747 ], [ -71.233669011236117, 42.384287472944372 ], [ -71.233697962655228, 42.384216080476122 ], [ -71.233774701970148, 42.384151550728426 ], [ -71.233871138035312, 42.383915451126498 ], [ -71.233917532239161, 42.383892488880008 ] ], [ [ -71.234465596030731, 42.385362895795801 ], [ -71.234489240756403, 42.385380393262103 ], [ -71.234556731438218, 42.385394615904261 ], [ -71.23478787170356, 42.385388397145832 ], [ -71.234826584722029, 42.385387361078266 ], [ -71.234855397276178, 42.385349165738255 ], [ -71.234855376582928, 42.385308653219091 ], [ -71.234787816413686, 42.385130130008001 ], [ -71.234700821033599, 42.38501626933661 ], [ -71.234633392150059, 42.384987417414621 ], [ -71.234575899006032, 42.384987284723472 ], [ -71.234527612118072, 42.385009117514997 ], [ -71.234364078928238, 42.385137592039541 ], [ -71.23433527563455, 42.385173536587295 ], [ -71.23434992292502, 42.385255158045553 ], [ -71.234354370404702, 42.385280488615308 ], [ -71.2344270083357, 42.385334110350605 ], [ -71.234465596030731, 42.385362895795801 ] ] ] ] } },
{ "type": "Feature", "properties": { }, "geometry": { "type": "MultiPolygon", "coordinates": [ [ [ [ -71.234465596030731, 42.385362895795801 ], [ -71.2344270083357, 42.385334110350605 ], [ -71.234354370404702, 42.385280488615308 ], [ -71.23434992292502, 42.385255158045553 ], [ -71.23433527563455, 42.385173536587295 ], [ -71.234364078928238, 42.385137592039541 ], [ -71.234527612118072, 42.385009117514997 ], [ -71.234575899006032, 42.384987284723472 ], [ -71.234633392150059, 42.384987417414621 ], [ -71.234700821033599, 42.38501626933661 ], [ -71.234787816413686, 42.385130130008001 ], [ -71.234855376582928, 42.385308653219091 ], [ -71.234855397276178, 42.385349165738255 ], [ -71.234826584722029, 42.385387361078266 ], [ -71.23478787170356, 42.385388397145832 ], [ -71.234556731438218, 42.385394615904261 ], [ -71.234489240756403, 42.385380393262103 ], [ -71.234465596030731, 42.385362895795801 ] ] ] ] } },
{ "type": "Feature", "properties": { }, "geometry": { "type": "MultiPolygon", "coordinates": [ [ [ [ -71.233917532239161, 42.383892488880008 ], [ -71.233900343587152, 42.383873880881879 ], [ -71.233900495206441, 42.383837870133476 ], [ -71.233939103125323, 42.38381657787972 ], [ -71.234083467946206, 42.383823663898255 ], [ -71.234228061457614, 42.383866761363066 ], [ -71.234252263258256, 42.383887073540222 ], [ -71.234305019452265, 42.383930521303085 ], [ -71.234237698688148, 42.383966376830621 ], [ -71.234160602393857, 42.38398082813022 ], [ -71.234045076821232, 42.38397380891405 ], [ -71.233939060372094, 42.383916733650281 ], [ -71.233917532239161, 42.383892488880008 ] ] ] ] } },
{ "type": "Feature", "properties": { }, "geometry": { "type": "MultiPolygon", "coordinates": [ [ [ [ -71.230811949259063, 42.382343535132577 ], [ -71.230807196650787, 42.382390225922471 ], [ -71.230836174814954, 42.382447123799807 ], [ -71.230787827443805, 42.382483021733236 ], [ -71.23050869755177, 42.38253300852115 ], [ -71.230267802457689, 42.382604465926782 ], [ -71.230046252742952, 42.38263320504759 ], [ -71.229420298733231, 42.382633421839529 ], [ -71.229198707180217, 42.382583384914547 ], [ -71.228543560399928, 42.382312319446655 ], [ -71.228215959832127, 42.382205762936856 ], [ -71.227926853493813, 42.382148811869222 ], [ -71.22778240109659, 42.382163099508084 ], [ -71.227531977596854, 42.382155754309039 ], [ -71.227474101917238, 42.382112853948364 ], [ -71.227348633673103, 42.381948818438616 ], [ -71.227233170823382, 42.381884399787246 ], [ -71.227117495587123, 42.381913384370343 ], [ -71.22703088833957, 42.381977323622095 ], [ -71.226857653155847, 42.382241931611951 ], [ -71.226463187872653, 42.382592102362146 ], [ -71.22620335717059, 42.382785043750552 ], [ -71.226029715896729, 42.38283527080609 ], [ -71.22575060733557, 42.382835168147928 ], [ -71.225663610932159, 42.382813579027626 ], [ -71.22555782274739, 42.382749744462032 ], [ -71.225297538706087, 42.382478476871114 ], [ -71.225143177614271, 42.382371199985904 ], [ -71.224680704636199, 42.38217146975115 ], [ -71.224382172087104, 42.382014331249813 ], [ -71.223996776252307, 42.381935757847238 ], [ -71.22384261464623, 42.381957331996681 ], [ -71.223727033694217, 42.382007695008788 ], [ -71.223390230596763, 42.382271904705838 ], [ -71.223149466835963, 42.382571793124264 ], [ -71.223111013433893, 42.382600396902262 ], [ -71.22307249382979, 42.382600866816752 ], [ -71.223043622002109, 42.382564786156863 ], [ -71.223033877292636, 42.382450539897036 ], [ -71.222966387138371, 42.382350784047361 ], [ -71.222629088178948, 42.382164851223706 ], [ -71.222465085164799, 42.382050795379364 ], [ -71.222359171930037, 42.381886801589516 ], [ -71.22235919930479, 42.381751197235637 ], [ -71.222541745248378, 42.381401091966794 ], [ -71.22259954299652, 42.381158156243835 ], [ -71.222589828454929, 42.380993831990047 ], [ -71.222483789801331, 42.380772445213651 ], [ -71.222464431497102, 42.380644108800475 ], [ -71.222502725473774, 42.380608190079947 ], [ -71.222608690442826, 42.380587064141551 ], [ -71.222753110175248, 42.380622860914826 ], [ -71.222830367356508, 42.380701258863233 ], [ -71.222849596756021, 42.380772764820243 ], [ -71.222840357698445, 42.381365238302763 ], [ -71.222859715062199, 42.381450811404576 ], [ -71.222927267722611, 42.381579263862953 ], [ -71.223052404483539, 42.381686473372262 ], [ -71.223206789017638, 42.381743675169233 ], [ -71.223332113986046, 42.381764795711263 ], [ -71.224044670991404, 42.381743438323078 ], [ -71.2241988041322, 42.381771941813042 ], [ -71.22448784709691, 42.38188573217726 ], [ -71.225239591407586, 42.382278026549116 ], [ -71.225586286998393, 42.382399266632873 ], [ -71.225711611618877, 42.382420947247503 ], [ -71.226010134397754, 42.38240646674727 ], [ -71.226385712907913, 42.382299327677032 ], [ -71.22658783513387, 42.382156326629158 ], [ -71.22680933016116, 42.381920530070566 ], [ -71.227021121088526, 42.381734788012729 ], [ -71.227107827557433, 42.381691667933659 ], [ -71.227223439254715, 42.381677312729252 ], [ -71.227310056977984, 42.381698899780233 ], [ -71.227589468939797, 42.381891433836159 ], [ -71.227791738652869, 42.381977439262435 ], [ -71.228408351659922, 42.382162328956817 ], [ -71.228774713146493, 42.382212146304127 ], [ -71.22902508401225, 42.382276318720876 ], [ -71.229188900179295, 42.382348164208416 ], [ -71.229352598654856, 42.382447580195318 ], [ -71.22955499533569, 42.382504886440884 ], [ -71.229805581021949, 42.382518979697394 ], [ -71.230075133811667, 42.382490353733054 ], [ -71.230518034261323, 42.382390111288025 ], [ -71.230749343650999, 42.382297249312074 ], [ -71.230811949259063, 42.382343535132577 ] ], [ [ -71.225835029947476, 42.382663191298029 ], [ -71.225811475545996, 42.382669324547088 ], [ -71.22579660211575, 42.382686169293599 ], [ -71.225792137742062, 42.382709228271629 ], [ -71.225804207771475, 42.382726137266033 ], [ -71.225836585017532, 42.382741969330787 ], [ -71.225881331590401, 42.382749390767486 ], [ -71.225958747367372, 42.382749012615683 ], [ -71.226015855934477, 42.382749711375361 ], [ -71.226060461874255, 42.382745878932468 ], [ -71.226073395798977, 42.382738594985568 ], [ -71.226074208403347, 42.38272621809903 ], [ -71.226073520170218, 42.382709898920972 ], [ -71.226067116005296, 42.382699192863726 ], [ -71.226035288730259, 42.382687863564108 ], [ -71.226009705454217, 42.382680487849896 ], [ -71.225912228129275, 42.382669002070259 ], [ -71.225835029947476, 42.382663191298029 ] ] ] ] } },
{ "type": "Feature", "properties": { }, "geometry": { "type": "MultiPolygon", "coordinates": [ [ [ [ -71.231834760272051, 42.390768016242383 ], [ -71.232123849912185, 42.390839024047644 ], [ -71.232191573412294, 42.390889259631741 ], [ -71.232153097463481, 42.390967944182414 ], [ -71.232182187844145, 42.391088986524288 ], [ -71.232153131517109, 42.391138996709245 ], [ -71.232076283257669, 42.391182143486148 ], [ -71.231854514848735, 42.391210885593011 ], [ -71.231748366430168, 42.391182504421685 ], [ -71.231700188939854, 42.391132314181675 ], [ -71.231642249949601, 42.390967878617552 ], [ -71.231632448273004, 42.390818184845145 ], [ -71.231728873306494, 42.390767769286661 ], [ -71.231834760272051, 42.390768016242383 ] ] ] ] } },
{ "type": "Feature", "properties": { }, "geometry": { "type": "MultiPolygon", "coordinates": [ [ [ [ -71.23685365668203, 42.389992430992798 ], [ -71.236892557257036, 42.389992519998913 ], [ -71.236937490345994, 42.390002188224813 ], [ -71.236996040580323, 42.390023141027108 ], [ -71.237036730468773, 42.390049117014001 ], [ -71.237162036524637, 42.390170940741676 ], [ -71.237547518553129, 42.39019882940508 ], [ -71.23771135529546, 42.390227336817844 ], [ -71.237836653284873, 42.390305834001076 ], [ -71.237894554372602, 42.390391492200244 ], [ -71.237894595684836, 42.390427503333605 ], [ -71.237865663214677, 42.390448818943 ], [ -71.237644147867869, 42.390463505965435 ], [ -71.237480275732992, 42.390534591409157 ], [ -71.237181851449776, 42.390699335503783 ], [ -71.237114467806862, 42.390749259339294 ], [ -71.236998876229435, 42.390891913851647 ], [ -71.236941375369341, 42.390892345010236 ], [ -71.236912201938495, 42.390834885685109 ], [ -71.236892937154437, 42.390585015035867 ], [ -71.236776746637076, 42.390142488553103 ], [ -71.236786462990281, 42.390042355077924 ], [ -71.236797389181731, 42.390015934474874 ], [ -71.236805797227362, 42.390001886903967 ], [ -71.236831074892905, 42.38999237931872 ], [ -71.23685365668203, 42.389992430992798 ] ] ] ] } },
{ "type": "Feature", "properties": { }, "geometry": { "type": "MultiPolygon", "coordinates": [ [ [ [ -71.213453606653147, 42.389759828008785 ], [ -71.213520971585581, 42.389759995834517 ], [ -71.213607631968671, 42.389731515344387 ], [ -71.213742490062415, 42.389745355249943 ], [ -71.213809943413935, 42.389809667859865 ], [ -71.213867775435034, 42.389945415972825 ], [ -71.214002776866906, 42.390095422808812 ], [ -71.21424369667541, 42.390280578431074 ], [ -71.214561753287796, 42.390487869257555 ], [ -71.214600397489036, 42.390544795134431 ], [ -71.214600264233795, 42.390616254271606 ], [ -71.214571537631898, 42.390716338768271 ], [ -71.214504228986868, 42.390787631165303 ], [ -71.214427182217847, 42.39078800255065 ], [ -71.214234294541612, 42.390723378715606 ], [ -71.214109048803067, 42.390723630114735 ], [ -71.213954891408406, 42.390780639442177 ], [ -71.213858553159724, 42.390766895639466 ], [ -71.213588887041922, 42.390559723401111 ], [ -71.21356933123802, 42.390352611028497 ], [ -71.213511560069875, 42.390245559254659 ], [ -71.213386325577687, 42.390159720915676 ], [ -71.213039453374435, 42.390031129146166 ], [ -71.213010429821551, 42.389945530414124 ], [ -71.213078021093224, 42.389895621157891 ], [ -71.213270608759331, 42.389816764565644 ], [ -71.213415145708112, 42.389788428502158 ], [ -71.213453606653147, 42.389759828008785 ] ] ] ] } },
{ "type": "Feature", "properties": { }, "geometry": { "type": "MultiPolygon", "coordinates": [ [ [ [ -71.222470492376871, 42.389720609693768 ], [ -71.222643841767663, 42.389741846791267 ], [ -71.222740305011428, 42.389813538850632 ], [ -71.22274030806949, 42.389856301997632 ], [ -71.222701790146431, 42.389941735407511 ], [ -71.22258626013307, 42.390063556796264 ], [ -71.222528736599173, 42.390199022181712 ], [ -71.222422661952351, 42.390284855151947 ], [ -71.222287740530504, 42.390327855232982 ], [ -71.222133651892449, 42.390328045711563 ], [ -71.221844703352829, 42.390271079928006 ], [ -71.221709843696004, 42.390213923713375 ], [ -71.221671095909784, 42.390006766325499 ], [ -71.221671061596666, 42.389885228896283 ], [ -71.22169980981154, 42.389863916897561 ], [ -71.222046596466441, 42.389756722370535 ], [ -71.222335571836012, 42.389720846694331 ], [ -71.222470492376871, 42.389720609693768 ] ] ] ] } },
{ "type": "Feature", "properties": { }, "geometry": { "type": "MultiPolygon", "coordinates": [ [ [ [ -71.236822725949636, 42.387714098396579 ], [ -71.236890181565812, 42.387828475342566 ], [ -71.236880756810564, 42.387949991111611 ], [ -71.236688334194426, 42.388271399526907 ], [ -71.236630834495216, 42.388499713002851 ], [ -71.236563414161878, 42.388649792202472 ], [ -71.236505708885574, 42.388699737871875 ], [ -71.236462397474682, 42.38871089207985 ], [ -71.23642853756904, 42.388685494206129 ], [ -71.236409449350433, 42.388621305761937 ], [ -71.236380088907651, 42.388335963365243 ], [ -71.236379793732851, 42.388042810154886 ], [ -71.236418295136545, 42.387728926959852 ], [ -71.236495136236258, 42.387685777249125 ], [ -71.236687928095492, 42.387685656180587 ], [ -71.236822725949636, 42.387714098396579 ] ] ] ] } },
{ "type": "Feature", "properties": { }, "geometry": { "type": "MultiPolygon", "coordinates": [ [ [ [ -71.24640754358164, 42.387408721823036 ], [ -71.246475057003565, 42.387465700631282 ], [ -71.246475138990832, 42.387587238112303 ], [ -71.246446095577639, 42.387637251945364 ], [ -71.246330741062252, 42.387680323334671 ], [ -71.246234346280431, 42.387680110654038 ], [ -71.246166877653692, 42.38765914285765 ], [ -71.246118691403865, 42.387608958614877 ], [ -71.246118656095703, 42.387523432288283 ], [ -71.246147453761097, 42.387487484811039 ], [ -71.246282275178331, 42.387416322921609 ], [ -71.24640754358164, 42.387408721823036 ] ] ] ] } },
{ "type": "Feature", "properties": { }, "geometry": { "type": "MultiPolygon", "coordinates": [ [ [ [ -71.254713412241244, 42.400618571609201 ], [ -71.254752129743878, 42.400618654136004 ], [ -71.254934782024961, 42.400747332223773 ], [ -71.254953811052914, 42.40078338367853 ], [ -71.254963237255836, 42.400897625916116 ], [ -71.254885932034441, 42.400961605734111 ], [ -71.254799116765014, 42.400933287232817 ], [ -71.254770545646196, 42.400861767160471 ], [ -71.254693849782612, 42.400768763005935 ], [ -71.254674963505735, 42.400647185852762 ], [ -71.254713412241244, 42.400618571609201 ] ] ] ] } },
{ "type": "Feature", "properties": { }, "geometry": { "type": "MultiPolygon", "coordinates": [ [ [ [ -71.226860475431096, 42.399765252461634 ], [ -71.227024239772803, 42.399815156322532 ], [ -71.2271592534604, 42.399886373269936 ], [ -71.227419709400394, 42.400136254246178 ], [ -71.2275742658138, 42.400429209541585 ], [ -71.227555142792127, 42.400550701266219 ], [ -71.227468415804921, 42.400636584530751 ], [ -71.227401136489149, 42.400657806614177 ], [ -71.227237024723607, 42.40064391344935 ], [ -71.226841590303323, 42.400358263324662 ], [ -71.226600591961102, 42.40012980881562 ], [ -71.22653288584425, 42.399986729313191 ], [ -71.226629126844216, 42.399851354261344 ], [ -71.226725598847295, 42.399794191012397 ], [ -71.226860475431096, 42.399765252461634 ] ] ] ] } },
{ "type": "Feature", "properties": { }, "geometry": { "type": "MultiPolygon", "coordinates": [ [ [ [ -71.224510122741293, 42.399367465056883 ], [ -71.224616154135148, 42.399425111467231 ], [ -71.224645165197131, 42.399474696020711 ], [ -71.224635655081798, 42.399610277101942 ], [ -71.224568218934621, 42.39966750813818 ], [ -71.224442827378468, 42.399653703690419 ], [ -71.22437535270754, 42.399589397464133 ], [ -71.224279158363487, 42.399539089145748 ], [ -71.224278994242155, 42.399489573653192 ], [ -71.224404124475129, 42.399389155322552 ], [ -71.224510122741293, 42.399367465056883 ] ] ] ] } },
{ "type": "Feature", "properties": { }, "geometry": { "type": "MultiPolygon", "coordinates": [ [ [ [ -71.233519815731086, 42.40045607910222 ], [ -71.233558473933911, 42.400470235439627 ], [ -71.233712587256449, 42.400470029660092 ], [ -71.233780063053118, 42.400491567361257 ], [ -71.233828348743444, 42.40056313835661 ], [ -71.233828294892433, 42.400756134461083 ], [ -71.233770771818754, 42.401120049590666 ], [ -71.233674781827389, 42.401334205082719 ], [ -71.233559281771491, 42.401448722506537 ], [ -71.233501493984221, 42.401469970135075 ], [ -71.233434115363323, 42.40147037667689 ], [ -71.233222003125817, 42.401406303076399 ], [ -71.233067712433623, 42.401313104382716 ], [ -71.233009835199923, 42.401220691983823 ], [ -71.233000091730347, 42.401056369383646 ], [ -71.233086564808644, 42.400848944406484 ], [ -71.233192435384254, 42.400677575311015 ], [ -71.23325021878027, 42.400477398368587 ], [ -71.23328867487858, 42.400449353983603 ], [ -71.233519815731086, 42.40045607910222 ] ] ] ] } },
{ "type": "Feature", "properties": { }, "geometry": { "type": "MultiPolygon", "coordinates": [ [ [ [ -71.230082914857334, 42.403771200809302 ], [ -71.23018868031609, 42.403849660193487 ], [ -71.230227457590559, 42.40401405103497 ], [ -71.230304538866505, 42.404142520736201 ], [ -71.230304878730806, 42.404285439922511 ], [ -71.230227731218577, 42.40434996616257 ], [ -71.229996622458373, 42.404421445789673 ], [ -71.229890523130223, 42.404421196700177 ], [ -71.229842372545164, 42.40440701685452 ], [ -71.229765235909923, 42.404335939144282 ], [ -71.22972653416879, 42.404243007531093 ], [ -71.2297266136856, 42.404135537587372 ], [ -71.229745776880492, 42.404092819626968 ], [ -71.229899750812464, 42.403949700206262 ], [ -71.229938266327963, 42.40386426466533 ], [ -71.230082914857334, 42.403771200809302 ] ] ] ] } },
{ "type": "Feature", "properties": { }, "geometry": { "type": "MultiPolygon", "coordinates": [ [ [ [ -71.226533500222089, 42.403133751130561 ], [ -71.226487473835093, 42.402980032499165 ], [ -71.226516318929768, 42.402937338081401 ], [ -71.226622321205838, 42.402915645885102 ], [ -71.226940707769216, 42.403158350681508 ], [ -71.227200741443241, 42.403201167993899 ], [ -71.227297325106207, 42.403250912059271 ], [ -71.227306849794047, 42.403286945584455 ], [ -71.227197145872708, 42.403286685461929 ], [ -71.226738390533015, 42.403287284572372 ], [ -71.226603437816109, 42.403244200901831 ], [ -71.226545286229126, 42.403173166123132 ], [ -71.226533500222089, 42.403133751130561 ] ] ] ] } },
{ "type": "Feature", "properties": { }, "geometry": { "type": "MultiPolygon", "coordinates": [ [ [ [ -71.227316286793197, 42.402551556877775 ], [ -71.227191244821086, 42.402587271336117 ], [ -71.227027414706356, 42.402594760061184 ], [ -71.226911632566427, 42.402551722234179 ], [ -71.226901877785679, 42.402437476835821 ], [ -71.226940330953994, 42.402323345883374 ], [ -71.226988500257434, 42.402244686259849 ], [ -71.227104207959158, 42.402172938920991 ], [ -71.227210084858314, 42.402179942115005 ], [ -71.227268007875665, 42.402216090421376 ], [ -71.227325747625159, 42.402294438599789 ], [ -71.227354765881401, 42.402387348122595 ], [ -71.227355032186935, 42.402501570992072 ], [ -71.227316286793197, 42.402551556877775 ] ] ] ] } },
{ "type": "Feature", "properties": { }, "geometry": { "type": "MultiPolygon", "coordinates": [ [ [ [ -71.228423095933195, 42.401207140564672 ], [ -71.22852922826344, 42.401242839387685 ], [ -71.228606420155472, 42.401299851340085 ], [ -71.228616238259647, 42.401400029986078 ], [ -71.228539007663798, 42.40152869945738 ], [ -71.228201984942416, 42.401736091933216 ], [ -71.228047854549715, 42.401871894058381 ], [ -71.227922659267477, 42.40194361990595 ], [ -71.227768414658854, 42.401929188179317 ], [ -71.22762390673266, 42.401857949511694 ], [ -71.227517830680441, 42.401764857530431 ], [ -71.2274500260785, 42.401643722576857 ], [ -71.22765234177001, 42.401557550411837 ], [ -71.228037783724204, 42.401521888755767 ], [ -71.22811486585455, 42.401471993241152 ], [ -71.228220937309956, 42.401257303496863 ], [ -71.228297798028407, 42.401214722061063 ], [ -71.228423095933195, 42.401207140564672 ] ] ] ] } },
{ "type": "Feature", "properties": { }, "geometry": { "type": "MultiPolygon", "coordinates": [ [ [ [ -71.22416324098225, 42.396572405613689 ], [ -71.224101335229946, 42.396580697211924 ], [ -71.223898927934073, 42.396516629570336 ], [ -71.223629054196593, 42.396474343684382 ], [ -71.223098858608267, 42.396288512041473 ], [ -71.222886612948557, 42.396131578035018 ], [ -71.222780391755535, 42.395988966028085 ], [ -71.222713018336648, 42.395946040541247 ], [ -71.222712760445276, 42.395831817484201 ], [ -71.222722468467637, 42.395781763071206 ], [ -71.2227984906052, 42.395756626074565 ], [ -71.223030896686936, 42.395860154962804 ], [ -71.223339234307147, 42.396002690422527 ], [ -71.223879360633418, 42.396173915343141 ], [ -71.224149205675886, 42.396309604133322 ], [ -71.22425526885587, 42.396402136671114 ], [ -71.224265015047678, 42.396473619379158 ], [ -71.224207294510279, 42.396566884536398 ], [ -71.22416324098225, 42.396572405613689 ] ] ] ] } },
{ "type": "Feature", "properties": { }, "geometry": { "type": "MultiPolygon", "coordinates": [ [ [ [ -71.225334889177219, 42.394011675381549 ], [ -71.225556488401708, 42.394068471609692 ], [ -71.225701074066947, 42.394161094784586 ], [ -71.225710914356242, 42.394211196083504 ], [ -71.225681819722183, 42.394268519261722 ], [ -71.225681921421426, 42.394332664139498 ], [ -71.22570112766833, 42.394410921387113 ], [ -71.225672377506541, 42.394432797032245 ], [ -71.225595328805113, 42.394432613229242 ], [ -71.225441100595717, 42.394375415260946 ], [ -71.225151964760144, 42.394225616520316 ], [ -71.22514224728053, 42.39414738185274 ], [ -71.225171090486569, 42.394104125014366 ], [ -71.225171116364209, 42.394054609915635 ], [ -71.225228774316037, 42.394018736653308 ], [ -71.225334889177219, 42.394011675381549 ] ] ] ] } },
{ "type": "Feature", "properties": { }, "geometry": { "type": "MultiPolygon", "coordinates": [ [ [ [ -71.227097541746232, 42.393653510432735 ], [ -71.22717469150092, 42.3937178381127 ], [ -71.227242264819822, 42.393846287667195 ], [ -71.227223143151292, 42.393967779524331 ], [ -71.227155845311401, 42.394039079266186 ], [ -71.227107453030484, 42.394038964453443 ], [ -71.227068860960202, 42.394010739265298 ], [ -71.226972407381908, 42.39384621003213 ], [ -71.226866405313544, 42.393739613280566 ], [ -71.22690495741233, 42.393689064323908 ], [ -71.227011003601717, 42.39365386773008 ], [ -71.227097541746232, 42.393653510432735 ] ] ] ] } }
]
}
